EMPRESA,NIT,PLACA,ANO DE FABRIC./MODELO,RENAVAM,N° CHASSI,VISTORIADO,N° DE SELO,AR CONDICIONADO,DISPOSITIVO DE ACESSIBILIDADE,PASSAGEIROS SENTADOS,GPS,CAMERA,N° DO PROCESSO DE VISTORIA,OBSERVAÇÃO,CONSORCIO
INGÁ,1.1.001,SRG-4I24,2023/2024,1372617890,9532A8TU6RR057083,2024,139.0,SIM,SIM,42,SIM,SIM,9900070278/24,Veículo anterior baixado - Proc. N° 080003345/21,TRANSNIT
INGÁ,1.1.002,KOY-8777,2012/2012,495032867,9BM382189CB870217,2024,211.0,SIM,SIM,39,SIM,SIM,9900070306/24,Portaria SMU n° 167/2022 - publicado em 02/12/22,TRANSNIT
INGÁ,1.1.006,LRV-9826,2014/2015,1040477060,9532G82W7FR508440,2024,298.0,SIM,SIM,43,SIM,SIM,9900070803/24,,TRANSNIT
INGÁ,1.1.007,LME-8104,2014/2015,1040369933,9532G82W2FR508524,2024,556.0,SIM,SIM,43,SIM,SIM,9900070828/24,,TRANSNIT
INGÁ,1.1.015,KQW-4185,2014/2015,1040320225,9532G82W2FR508412,2024,269.0,SIM,SIM,43,SIM,SIM,9900070784/24,,TRANSNIT
INGÁ,1.1.016,KPU-6999,2014/2014,1020382144,9532E82W8ER435566,2024,294.0,SIM,SIM,33,SIM,SIM,9900070804/24,,TRANSNIT
INGÁ,1.1.020,KQW-4649,2014/2015,1040481210,9532G82W1FR508479,2024,491.0,SIM,SIM,46,SIM,SIM,9900070889/24,,TRANSNIT
INGÁ,1.1.023,KOY-7131,2012/2012,492778612,9BM382189CB870257,2024,29.0,SIM,SIM,39,SIM,SIM,9900070320/24,Portaria SMU n° 167/2022 - publicado em 02/12/22,TRANSNIT
INGÁ,1.1.024,LRC-2467,2014/2014,1020384007,9532E82W4ER435564,2024,158.0,SIM,SIM,33,SIM,SIM,9900070329/24,,TRANSNIT
INGÁ,1.1.025,KOY-8779,2012/2012,495034100,9BM382189CB870894,2024,161.0,SIM,SIM,39,SIM,SIM,9900070786/24,Portaria SMU n° 167/2022 - publicado em 02/12/22,TRANSNIT
INGÁ,1.1.026,KWI-6642,2011/2011,1093716492,9BM382189BB781014,2024,293.0,SIM,SIM,46,SIM,SIM,9900070806/24,Portaria SMU n° 011/2024 - prorrogação da vida util ,TRANSNIT
INGÁ,1.1.027,LRC-2E61,2014/2014,1019654209,9532E82W7ER435803,2024,349.0,SIM,SIM,33,SIM,SIM,9900070831/24,,TRANSNIT
INGÁ,1.1.028,LRC-2468,2014/2014,1020386972,9532E82W4ER435824,2024,395.0,SIM,SIM,33,SIM,SIM,9900070850/24,,TRANSNIT
INGÁ,1.1.029,KWI-6622,2014/2014,1021881896,9532E82W0ER422245,2024,442.0,SIM,SIM,33,SIM,SIM,9900070878/24,,TRANSNIT
INGÁ,1.1.032,KPQ-3393,2012/2012,493728201,9BM382189CB870959,2024,212.0,SIM,SIM,39,SIM,SIM,9900070307/24,,TRANSNIT
INGÁ,1.1.033,LME-8112,2014/2015,1040376336,9532G8W4FR508458,2024,71.0,SIM,SIM,43,SIM,SIM,990000322/24,,TRANSNIT
INGÁ,1.1.036,LMM-7952,2016/2016,1141793790,9532G82W0GR609062,2024,295.0,SIM,SIM,39,SIM,SIM,9900070810/24,Portaria SMU n° 011/2024 - prorrogação da vida util ,TRANSNIT
INGÁ,1.1.040,KWI-6618,2014/2014,1021875713,9532E82W1ER422108,2024,499.0,SIM,SIM,33,SIM,SIM,9900070890/24,,TRANSNIT
INGÁ,1.1.041,LRV-9812,2014/2015,1040466599,9532G82W2FR508507,2024,140.0,SIM,SIM,43,SIM,SIM,9900070288/24,,TRANSNIT
INGÁ,1.1.045,KPK-2395,2012/2012,493725652,9BM382189CB871125,2024,170.0,SIM,SIM,39,SIM,SIM,9900070789/24,Portaria SMU n° 167/2022 - publicado em 02/12/22,TRANSNIT
INGÁ,1.1.049,LMT-4G83,2018/2019,1183967052,9532G82W4KR924228,2024,449.0,SIM,SIM,41,SIM,SIM,9900070881/24,,TRANSNIT
INGÁ,1.1.050,LMT-5A96,2018/2019,1184048018,9532G82WXKR924248,2024,494.0,SIM,SIM,41,SIM,SIM,9900070894/24,,TRANSNIT
INGÁ,1.1.051,LTP-9E22,2018/2019,1184105291,9532G82W6KR924344,2024,138.0,SIM,SIM,41,SIM,SIM,9900070289/24,Veículo anterior baixado - Proc. N° 080001619/19,TRANSNIT
INGÁ,1.1.052,LMT-5C74,2018/2019,1184094060,9532G82W9KR923057,2024,205.0,SIM,SIM,41,SIM,SIM,9900070308/24,Veículo anterior baixado - Proc. N° 080001620/19,TRANSNIT
INGÁ,1.1.053,LMT-5C98,2018/2019,1184102349,9532G82WXKR924346,2024,30.0,SIM,SIM,41,SIM,SIM,9900070323/24,Veículo anterior baixado - Proc. N° 080001621/19,TRANSNIT
INGÁ,1.1.056,KQQ-6330,2013/2014,1285061419,9532E82W1ER413893,2024,296.0,SIM,SIM,35,SIM,SIM,9900070818/24,Portaria SMU n° 011/2024 - prorrogação da vida util ,TRANSNIT
INGÁ,1.1.057,KYA-6318,2014/2015,1040474320,9532G82W2FR508684,2024,347.0,SIM,SIM,43,SIM,SIM,9900070834/24,,TRANSNIT
INGÁ,1.1.058,LRL-6069,2013/2014,1155162983,9532E82WXER414038,2024,,SIM,SIM,35,SIM,SIM,9900070852/24,,TRANSNIT
INGÁ,1.1.059,KYL-9406,2013/2014,1155157912,9532E82W0ER413903,2024,453.0,NÃO,SIM,35,SIM,SIM,9900070883/24,,TRANSNIT
INGÁ,1.1.060,KYO-6929,2016/2016,1141793170,9532G82WXGR608954,2024,488.0,SIM,SIM,39,SIM,SIM,9900070896/24,,TRANSNIT
INGÁ,1.1.061,LTH-7923,2016/2016,1141793730,9532G82W7GR609057,2024,141.0,SIM,SIM,39,SIM,SIM,9900070291/24,,TRANSNIT
INGÁ,1.1.062,LRL-6629,2013/2014,1165164563,9532E82W2ER414051,2024,208.0,SIM,SIM,35,SIM,SIM,9900070311/24,,TRANSNIT
INGÁ,1.1.064,KOY-7130,2012/2012,492777667,9BM382189CB850382,2024,152.0,SIM,SIM,39,SIM,SIM,9900070333/24,Portaria SMU n° 167/2022 - publicado em 02/12/22,TRANSNIT
INGÁ,1.1.065,KOY-8778,2012/2012,495033359,9BM382189CB850368,2024,225.0,SIM,SIM,39,SIM,SIM,9900070790/24,Portaria SMU n° 167/2022 - publicado em 02/12/22,TRANSNIT
INGÁ,1.1.066,LRD-4278,2012/2012,492776466,9BM382189CB850383,2024,300.0,SIM,SIM,39,SIM,SIM,9900070819/24,Portaria SMU n° 011/2024 - prorrogação da vida util,TRANSNIT
INGÁ,1.1.067,LQM-3569,2012/2012,495031933,9BM382189CB850360,2024,396.0,SIM,SIM,39,SIM,SIM,9900070837/24,Portaria SMU n° 167/2022 - publicado em 02/12/22,TRANSNIT
INGÁ,1.1.068,KPA-5566,2012/2012,495030953,9BM382189CB850374,2024,397.0,SIM,SIM,39,SIM,SIM,9900070854/24,Portaria SMU n° 167/2022 - publicado em 02/12/22,TRANSNIT
INGÁ,1.1.069,KVY-5873,2012/2012,528296175,9BVR6R629CE360033,2024,451.0,SIM,SIM,39,SIM,SIM,9900070884/24,,TRANSNIT
INGÁ,1.1.070,KVY-5872,2012/2012,528292790,9BVR6R623CE360044,2024,496.0,SIM,SIM,39,SIM,SIM,9900070899/24,Portaria SMU n° 167/2022 - publicado em 02/12/22,TRANSNIT
INGÁ,1.1.071,KQP-6385,2013/2014,1165161947,9532E82W7ER414255,2024,142.0,SIM,SIM,35,SIM,SIM,990007292/24,,TRANSNIT
INGÁ,1.1.072,KYE-5816,2013/2014,1165151925,9532E82W0ER412105,2024,206.0,SIM,SIM,35,SIM,SIM,9900070312/24,Portaria SMU n° 011/2024 - prorrogação da vida util,TRANSNIT
INGÁ,1.1.073,KQP-6702,2013/2014,1175132494,9532E82WXER413570,2024,31.0,SIM,SIM,35,SIM,SIM,9900070324/24,,TRANSNIT
INGÁ,1.1.074,KQP-6712,2013/2014,1175135833,9532E82W7ER413011,2024,160.0,SIM,SIM,35,SIM,SIM,9900070343/24,,TRANSNIT
INGÁ,1.1.075,KQP-6715,2013/2014,1175144468,9532E82W8ER412840,2024,270.0,SIM,SIM,35,SIM,SIM,9900070796/24,,TRANSNIT
INGÁ,1.1.076,LMC-1941,2013/2014,1155153100,9532E82W6ER413615,2024,301.0,SIM,SIM,35,SIM,SIM,9900070822/24,Portaria SMU n° 011/2024 - prorrogação da vida util,TRANSNIT
INGÁ,1.1.077,LRC-2459,2014/2014,1018768421,9532E82W1ER422190,2024,350.0,SIM,SIM,33,SIM,SIM,9900070839/27,,TRANSNIT
INGÁ,1.1.078,LRC-2458,2014/2014,1018764345,9532E82W1ER422271,2024,399.0,SIM,SIM,33,SIM,SIM,9900070856/24,,TRANSNIT
INGÁ,1.1.079,KPU-6996,2014/2014,1018770760,9532E82W2ER422117,2024,486.0,SIM,SIM,33,SIM,SIM,9900070885/24,,TRANSNIT
INGÁ,1.1.080,LRC-2462,2014/2014,1019655221,9532E82W2ER422229,2024,493.0,SIM,SIM,33,SIM,SIM,9900070901/24,,TRANSNIT
INGÁ,1.1.082,LSX-6706,2014/2015,1040531153,9532G82WXFR508416,2024,210.0,SIM,SIM,43,SIM,SIM,9900070314/24,,TRANSNIT
INGÁ,1.1.084,KPU-6998,2014/2014,1019665910,9532E82W2ER422263,2024,233.0,SIM,SIM,33,SIM,SIM,9900070344/24,,TRANSNIT
INGÁ,1.1.087,KWR-7741,2014/2015,1040372195,9532G82WXFR508674,2024,,SIM,SIM,43,SIM,SIM,9900070846/24,,TRANSNIT
INGÁ,1.1.089,LQQ-2639,2012/2012,515253588,9BM382189CB871911,2024,452.0,SIM,SIM,45,SIM,SIM,9900070887/24,Portaria SMU n° 167/2022 - publicado em 02/12/22,TRANSNIT
INGÁ,1.1.090,KVY-5871,2012/2012,528290045,9BM382189CB871722,2024,495.0,SIM,SIM,45,SIM,SIM,9900070904/24,Portaria SMU n° 167/2022 - publicado em 02/12/22,TRANSNIT
INGÁ,1.1.092,LQQ-2616,2012/2012,511865201,9BM382189CB873253,2024,207.0,SIM,SIM,45,SIM,SIM,9900070315/24,Portaria SMU n° 167/2022 - publicado em 02/12/22,TRANSNIT
INGÁ,1.1.102,KYO-6569,2016/2016,1141912292,9532G82W1GR607921,2024,209.0,SIM,SIM,39,SIM,SIM,9900070318/24,,TRANSNIT
INGÁ,1.1.103,KYO-8279,2016/2016,1142411645,9532G82W5GR609123,2024,32.0,SIM,SIM,39,SIM,SIM,9900070326/24,,TRANSNIT
INGÁ,1.1.104,KYO-8283,2016/2016,1142423074,9532G82W7GR609060,2024,153.0,SIM,SIM,39,SIM,SIM,9900070352/24,,TRANSNIT
INGÁ,1.1.105,LMM-8339,2016/2016,1142409616,9532G82W1GR609040,2024,271.0,SIM,SIM,39,SIM,SIM,9900070801/24,,TRANSNIT
INGÁ,1.1.106,KQW-4C31,2014/2015,1040374341,9532G82W7FR508681,2024,299.0,SIM,SIM,43,SIM,SIM,9900070823/24,,TRANSNIT
INGÁ,1.1.107,KYO-8268,2016/2016,1142403928,9532G82W2GR608950,2024,352.0,SIM,SIM,39,SIM,SIM,9900070847/24,,TRANSNIT
INGÁ,1.1.108,KYP-8906,2016/2016,1142921406,9532G82W2GR609029,2024,388.0,SIM,SIM,39,SIM,SIM,9900070857/24,,TRANSNIT
INGÁ,1.1.110,KYP-8900,2016/2016,1142916704,9532G82W9GR608962,2024,498.0,SIM,SIM,39,SIM,SIM,9900070906/24,Veículo anterior baixado - Proc. Nº 080000712/18,TRANSNIT
INGÁ,1.1.124,KYO-9110,2016/2016,1142655943,9532G82W3GR609122,2024,162.0,SIM,SIM,39,SIM,SIM,9900070777/24,,TRANSNIT
INGÁ,1.1.126,KWI-6621,2014/2014,1021880270,9532E82W2ER437006,2024,297.0,SIM,SIM,33,SIM,SIM,9900070825/24,,TRANSNIT
INGÁ,1.1.127,LRC-2466,2014/2014,1020382888,9532E82W3ER435636,2024,353.0,SIM,SIM,33,SIM,SIM,9900070849/24,,TRANSNIT
INGÁ,1.1.128,KYQ-9662,2016/2016,1144681674,9532G82W4GR608982,2024,401.0,SIM,SIM,39,SIM,SIM,9900070861/24,,TRANSNIT
INGÁ,1.1.138,LRC-2464,2014/2014,1019662937,9532G82W4ER435266,2024,400.0,SIM,SIM,41,SIM,SIM,9900070872/24,,TRANSNIT
INGÁ,1.1.144,KWI-6619,2014/2014,1021876612,9532G82W0ER435264,2024,159.0,SIM,SIM,41,SIM,SIM,9900070782/24,,TRANSNIT
INGÁ,1.1.148,KWI-6623,2014/2014,1021883414,9532G82W1ER435340,2024,402.0,SIM,SIM,41,SIM,SIM,9900070875/24,,TRANSNIT
INGÁ,1.1.150,LRC-2465,2014/2014,1019665022,9532G82W5ER435325,2024,497.0,SIM,SIM,41,SIM,SIM,9900070908/24,,TRANSNIT
INGÁ,1.1.151,KPU-6997,2014/2014,1019649647,9532G82W8ER435285,2024,143.0,SIM,SIM,41,SIM,SIM,9900070294/24,,TRANSNIT
INGÁ,1.1.158,LRC-2460,2014/2014,1018769819,9532G82W8ER435335,2024,398.0,SIM,SIM,41,SIM,SIM,9900070877/24,,TRANSNIT
PEIXOTO,1.2.001,KXA-5367,2012/2012,597764751,9BM384078CB867735,2024,58.0,SIM,SIM,41,SIM,SIM,9900070239/24,Portaria SMU n° 167/2022 - publicado em 02/12/22,TRANSNIT
PEIXOTO,1.2.002,KWZ-5917,2012/2013,597743673,9BM384078DB885870,2024,191.0,SIM,SIM,41,SIM,SIM,9900070233/24,Portaria SMU n° 011/2024 - prorrogação da vida util,TRANSNIT
PEIXOTO,1.2.003,KXA-5368,2012/2012,597767939,9BM384078CB867738,2024,24.0,SIM,SIM,41,SIM,SIM,9900070227/24,Portaria SMU n° 167/2022 - publicado em 02/12/22,TRANSNIT
PEIXOTO,1.2.005,KXA-5365,2012/2013,597755442,9BM384078DB886094,2024,244.0,SIM,SIM,41,SIM,SIM,9900070216/24,Portaria SMU n° 167/2022 - publicado em 02/12/22,TRANSNIT
PEIXOTO,1.2.006,KXA-5366,2012/2013,597756660,9BM384078DB886073,2024,243.0,SIM,SIM,41,SIM,SIM,9900070205/24,Portaria SMU n° 011/2024 - prorrogação da vida util,TRANSNIT
PEIXOTO,1.2.007,KPI-7055,2012/2013,534801927,9532E82W5DR319529,2024,351.0,NÃO,SIM,37,SIM,SIM,9900070199/24,Portaria SMU n° 011/2024 - prorrogação da vida util,TRANSNIT
PEIXOTO,1.2.008,KWZ-5918,2012/2013,597230765,9BM384078DB885935,2024,394.0,SIM,SIM,41,SIM,SIM,9900070193/24,Portaria SMU n° 167/2022 - publicado em 02/12/22,TRANSNIT
PEIXOTO,1.2.009,KWZ-5922,2012/2013,597752052,9BM384078DB885886,2024,448.0,SIM,SIM,41,SIM,SIM,9900070183/24,Portaria SMU n° 167/2022 - publicado em 02/12/22,TRANSNIT
PEIXOTO,1.2.010,KWZ-5921,2012/2013,597751129,9BM384078DB885939,2024,487.0,SIM,SIM,41,SIM,SIM,9900070177/24,Portaria SMU n° 167/2022 - publicado em 02/12/22,TRANSNIT
PEIXOTO,1.2.011,KXA-5363,2012/2013,597753016,9BM384078DB885883,2024,59.0,SIM,SIM,41,SIM,SIM,9900070235/24,Portaria SMU n° 167/2022 - publicado em 02/12/22,TRANSNIT
PEIXOTO,1.2.012,LQS-3759,2012/2013,534803199,9532E82W8DR313238,2024,190.0,SIM,SIM,37,SIM,SIM,9900070229/24,Portaria SMU n° 011/2024 - prorrogação da vida util,TRANSNIT
PEIXOTO,1.2.013,KWZ-5916,2012/2012,597742634,9BM384078CB867553,2024,25.0,SIM,SIM,41,SIM,SIM,9900070224/24,Portaria SMU n° 167/2022 - publicado em 02/12/22,TRANSNIT
PEIXOTO,1.2.014,KWZ-5920,2012/2013,597750289,9BM384078DB885902,2024,151.0,SIM,SIM,41,SIM,SIM,9900070221/24,Portaria SMU n° 011/2024 - prorrogação da vida util,TRANSNIT
PEIXOTO,1.2.015,KXA-5364,2012/2013,597754179,9BM384078DB885923,2024,226.0,SIM,SIM,41,SIM,SIM,9900070210/24,Portaria SMU n° 167/2022 - publicado em 02/12/22,TRANSNIT
PEIXOTO,1.2.019,LQS-3760,2012/2013,534803997,9532E82WXDR313225,2024,441.0,SIM,SIM,37,SIM,SIM,9900070180/24,,TRANSNIT
PEIXOTO,1.2.020,KPT-5122,2012/2012,600591484,9BM384078CB867806,2024,492.0,SIM,SIM,41,SIM,SIM,9900070175/24,Portaria SMU n° 167/2022 - publicado em 02/12/22,TRANSNIT
PEIXOTO,1.2.024,KPI-7056,2012/2013,534805175,9532E82W0DR313220,2024,253.0,NÃO,SIM,37,SIM,SIM,9900070219/24,Portaria SMU n° 011/2024 - prorrogação da vida util,TRANSNIT
PEIXOTO,1.2.025,LQS-3H61,2012/2013,534806678,9532E82W6DR313206,2024,22.0,SIM,SIM,37,SIM,SIM,9900070207/24,Portaria SMU n° 167/2022 - publicado em 02/12/22,TRANSNIT
PEIXOTO,1.2.026,KPI-7057,2012/2013,534807704,9532E82W5DR313231,2024,288.0,SIM,SIM,37,SIM,SIM,9900070203/24,Portaria SMU n° 167/2022 - publicado em 02/12/22,TRANSNIT
PEIXOTO,1.2.027,KPI-7058,2012/2013,534808611,9532E82W6DR317336,2024,346.0,SIM,SIM,37,SIM,SIM,9900070197/24,Portaria SMU n° 011/2024 - prorrogação da vida util,TRANSNIT
PEIXOTO,1.2.030,KPI-7059,2012/2013,534809600,9532E82W8DR319413,2024,379.0,SIM,SIM,37,SIM,SIM,9900070171/24,Portaria SMU n° 167/2022 - publicado em 02/12/22,TRANSNIT
BRASÍLIA,1.3.002,KYD-7712,2011/2012,485817403,9BM382189CB847494,2024,599.0,SIM,SIM,37,SIM,SIM,9900069101/24,Portaria SMU n° 011/2024 - prorrogação da vida util,TRANSNIT
BRASÍLIA,1.3.003,KVT-9151,2012/2012,485819473,9BM382189CB850372,2024,584.0,SIM,SIM,37,SIM,SIM,9900069097/24,Portaria SMU n° 011/2024 - prorrogação da vida util,TRANSNIT
BRASÍLIA,1.3.004,KVU-6079,2011/2012,488293359,9BM382189CB847016,2024,571.0,SIM,SIM,37,SIM,SIM,9900069083/24,Portaria SMU n° 011/2024 - prorrogação da vida util,TRANSNIT
BRASÍLIA,1.3.005,LLT-3662,2011/2012,490809669,9BM382189CB846353,2024,578.0,SIM,SIM,37,SIM,SIM,9900069069/24,Portaria SMU n° 167/2022 - publicado em 02/12/22,TRANSNIT
BRASÍLIA,1.3.006,LQT-5494,2012/2013,536981671,9BM384067DB887656,2024,527.0,SIM,SIM,36,SIM,SIM,9900069061/24,Portaria SMU n° 167/2022 - publicado em 02/12/22,TRANSNIT
BRASÍLIA,1.3.007,LQT-6293,2012/2013,537411534,9BM384067DB887685,2024,528.0,SIM,SIM,36,SIM,SIM,9900069043/24,Portaria SMU n° 011/2024 - prorrogação da vida util,TRANSNIT
BRASÍLIA,1.3.008,KRQ-8109,2015/2016,1092288039,9BM384078GB022158,2024,573.0,SIM,SIM,43,SIM,SIM,9900069009/24,,TRANSNIT
BRASÍLIA,1.3.009,KXU-6825,2015/2015,1056305891,9BM384065FB006054,2024,529.0,SIM,SIM,37,SIM,SIM,9900068997/24,,TRANSNIT
BRASÍLIA,1.3.011,KRF-7383,2015/2015,1056517040,9BM384065FB006318,2024,582.0,SIM,SIM,37,SIM,SIM,9900069110/24,,TRANSNIT
BRASÍLIA,1.3.012,LSC-2732,2015/2015,1056304909,9BM384065FB007179,2024,581.0,SIM,SIM,37,SIM,SIM,9900069102/24,,TRANSNIT
BRASÍLIA,1.3.013,LSM-3321,2015/2016,1081854925,9532G82W8GR601386,2024,575.0,SIM,SIM,37,SIM,SIM,9900069098/24,,TRANSNIT
BRASÍLIA,1.3.014,LMG-2725,2015/2015,1056303910,9BM384065FB006258,2024,600.0,SIM,SIM,37,SIM,SIM,9900069087/24,,TRANSNIT
BRASÍLIA,1.3.015,LSC-2727,2015/2015,1056300865,9BM384065FB006268,2024,579.0,SIM,SIM,37,SIM,SIM,9900069071/24,,TRANSNIT
BRASÍLIA,1.3.016,KXI-8C81,2016/2017,1109110275,9BM384065HB044922,2024,586.0,SIM,SIM,43,SIM,SIM,9900069063/24,,TRANSNIT
BRASÍLIA,1.3.017,LML-5352,2016/2017,1123367164,9BM384065HB050200,2024,526.0,SIM,SIM,43,SIM,SIM,9900069046/24,,TRANSNIT
BRASÍLIA,1.3.018,KXQ-7581,2016/2017,1123367270,9BM384065HB050307,2024,576.0,SIM,SIM,43,SIM,SIM,9900069031/24,,TRANSNIT
BRASÍLIA,1.3.019,RIO-2D34,2017/2017,1164808823,9BM384078HB070277,2024,525.0,SIM,SIM,43,SIM,SIM,9900069000/24,,TRANSNIT
BRASÍLIA,1.3.020,LRI-3B07,2014/2014,1010871614,9BM384078EB959100,2024,593.0,SIM,SIM,40,SIM,SIM,9900068985/24,,TRANSNIT
BRASÍLIA,1.3.021,KQB-3G08,2014/2014,1010878236,9BM384078EB958906,2024,530.0,SIM,SIM,40,SIM,SIM,9900069113/24,,TRANSNIT
BRASÍLIA,1.3.022,LRI-3B21,2014/2014,1010881610,9BM384078EB958832,2024,382.0,SIM,SIM,40,SIM,SIM,9900069103/24,,TRANSNIT
BRASÍLIA,1.3.024,LMB-5C64,2014/2014,1010875903,9BM384078EB958779,2024,589.0,SIM,SIM,40,SIM,SIM,9900069090/24,,TRANSNIT
BRASÍLIA,1.3.025,KQB-4B67,2014/2014,1011339517,9BM384078EB958807,2024,563.0,SIM,SIM,40,SIM,SIM,9900069075/24,,TRANSNIT
BRASÍLIA,1.3.026,KQB-3G09,2014/2014,1010879372,9BM384078EB958881,2024,564.0,SIM,SIM,40,SIM,SIM,9900069066/24,,TRANSNIT
BRASÍLIA,1.3.027,LRI-3B20,2014/2014,1010880729,9BM384078EB958857,2024,383.0,SIM,SIM,40,SIM,SIM,9900069050/24,,TRANSNIT
BRASÍLIA,1.3.028,LMB-5C67,2014/2014,1010883752,9BM384078EB958908,2024,595.0,SIM,SIM,40,SIM,SIM,9900069034/24,,TRANSNIT
BRASÍLIA,1.3.029,KYP-7J10,2014/2014,1024703719,9BM384078EB970939,2024,590.0,SIM,SIM,39,SIM,SIM,9900069001/24,,TRANSNIT
BRASÍLIA,1.3.030,KQS-4C00,2014/2014,1021714027,9BM384078EB961614,2024,468.0,SIM,SIM,39,SIM,SIM,9900068989/24,,TRANSNIT
BRASÍLIA,1.3.031,LMD-3G32,2014/2014,1024704286,9BM384078EB971170,2024,565.0,SIM,SIM,39,SIM,SIM,9900069117/24,,TRANSNIT
BRASÍLIA,1.3.032,KQS-8E63,2014/2014,1024706955,9BM384078EB971228,2024,574.0,SIM,SIM,39,SIM,SIM,9900069105/24,,TRANSNIT
BRASÍLIA,1.3.034,KQS-8E66,2014/2014,1024707595,9BM384078EB971605,2024,570.0,SIM,SIM,39,SIM,SIM,9900069091/24,,TRANSNIT
BRASÍLIA,1.3.035,KQB-4B73,2014/2014,1011347706,9BM384078EB958797,2024,597.0,SIM,SIM,40,SIM,SIM,9900069076/24,,TRANSNIT
BRASÍLIA,1.3.037,KYL-9B39,2014/2014,1010873218,9BM384078EB958840,2024,572.0,SIM,SIM,40,SIM,SIM,9900069054/24,,TRANSNIT
BRASÍLIA,1.3.038,LMB-5C73,2014/2014,1010893898,9BM384078EB958842,2024,594.0,SIM,SIM,40,SIM,SIM,9900069036/24,,TRANSNIT
BRASÍLIA,1.3.039,KRI-3G08,2014/2014,1024706718,9BM384078EB971596,2024,580.0,SIM,SIM,39,SIM,SIM,9900069005/24,,TRANSNIT
BRASÍLIA,1.3.052,KPU-7H80,2017/2017,1124462780,9BM384067HB064478,2024,566.0,SIM,SIM,39,SIM,SIM,9900069109/24,,TRANSNIT
BRASÍLIA,1.3.053,KXT-8G20,2017/2017,1131049052,9BM384067HB071584,2024,523.0,SIM,SIM,39,SIM,SIM,9900069100/24,,TRANSNIT
BRASÍLIA,1.3.054,KXU6B95,2017/2017,1131062741,9BM384067HB071749,2024,577.0,SIM,SIM,39,SIM,SIM,9900069095/24,,TRANSNIT
BRASÍLIA,1.3.055,LLZ-3J55,2017/2017,1131112439,9BM384067HB072055,2024,592.0,SIM,SIM,39,SIM,SIM,9900069078/24,,TRANSNIT
BRASÍLIA,1.3.056,LUE-7E12,2022/2023,1347319325,9BM384067PB310497,2024,464.0,SIM,SIM,37,SIM,SIM,9900069068/24,,TRANSNIT
BRASÍLIA,1.3.057,LUQ-6F53,2022/2023,1347638412,9BM384067PB310516,2024,463.0,SIM,SIM,37,SIM,SIM,9900069056/24,,TRANSNIT
BRASÍLIA,1.3.097,KVZ-7261,2012/2013,536983453,9BM384067DB889356,2024,596.0,SIM,SIM,36,SIM,SIM,9900069057/24,Portaria SMU n° 167/2022 - publicado em 02/12/22,TRANSNIT
BRASÍLIA,1.3.099,KPJ-7597,2012/2013,536987165,9BM384067DB888867,2024,567.0,SIM,SIM,36,SIM,SIM,9900069008/24,Portaria SMU n° 167/2022 - publicado em 02/12/22,TRANSNIT
BRASÍLIA,1.3.105,LLV-9383,2012/2013,536987220,9BM384067DB887672,2024,583.0,SIM,SIM,36,SIM,SIM,9900069079/24,Portaria SMU n° 167/2022 - publicado em 02/12/22,TRANSNIT
BARRETO,1.4.004,LLO-2827,2011/2011,346044553,9532882W5BR169930,2024,588.0,SIM,SIM,32,SIM,SIM,080006754/2023,Portaria SMU n° 011/2024 - prorrogação da vida util,TRANSNIT
BARRETO,1.4.005,LLO-2823,2011/2011,346029082,9532882W8BR169467,2024,585.0,SIM,SIM,32,SIM,SIM,9900068955/24,Portaria SMU n° 011/2024 - prorrogação da vida util,TRANSNIT
BARRETO,1.4.011,LLO-2825,2011/2011,346035830,9532882W2BR171070,2024,467.0,SIM,SIM,32,SIM,SIM,9900068970/24,Portaria SMU n° 167/2022 - publicado em 02/12/22,TRANSNIT
BARRETO,1.4.015,KPG-8403,2012/2012,507219791,9BM382189CB857827,2024,524.0,SIM,SIM,45,SIM,SIM,9900068956/24,Portaria SMU n° 011/2024 - prorrogação da vida util,TRANSNIT
BARRETO,1.4.016,KPZ-1802,2012/2012,513296352,9BM382189CB857882,2024,568.0,SIM,SIM,45,SIM,SIM,9900068947/24,Portaria SMU n° 011/2024 - prorrogação da vida util,TRANSNIT
BARRETO,1.4.017,KPH-9658,2012/2012,527160350,9BM382189CB858242,2024,569.0,SIM,SIM,45,SIM,SIM,9900068941/24,Portaria SMU n° 167/2022 - publicado em 02/12/22,TRANSNIT
BARRETO,1.4.022,KWS-7599,2015/2015,1044103857,9532E82W1FR517267,2024,591.0,SIM,SIM,31,SIM,SIM,9900068966/24,,TRANSNIT
BARRETO,1.4.038,LUR-6C53,2015/2015,1043512737,9532E82W4FR515125,2024,598.0,SIM,SIM,31,SIM,SIM,9900068932/24,,TRANSNIT
BARRETO,1.4.039,KWS-7C32,2015/2015,1043374571,9532E82W3FR517240,2024,466.0,SIM,SIM,31,SIM,SIM,9900068918/24,,TRANSNIT
BARRETO,1.4.040,KQX-1J57,2015/2015,1044097890,9532E82W3FR517139,2024,465.0,SIM,SIM,31,SIM,SIM,9900068906/24,,TRANSNIT
BARRETO,1.4.041,KQX-2B43,2015/2015,1044278347,9532M62P9FR515055,2024,587.0,SIM,SIM,21,SIM,SIM,9900068974/24,,TRANSNIT
ARAÇATUBA,1.5.001,RJU-5G25,2021/2022,1282853500,9BM384067NB245331,2024,122.0,SIM,SIM,36,SIM,SIM,9900069427/24,Veículo anterior baixado - Proc. N° 080006850/21,TRANSNIT
ARAÇATUBA,1.5.003,RKQ-5G78,2021/2022,1282856771,9BM384067NB247409,2024,78.0,SIM,SIM,36,SIM,SIM,9900069544/24,Veículo anterior baixado - Proc. N° 080006852/21,TRANSNIT
ARAÇATUBA,1.5.004,RIZ-4H10,2021/2022,1282873978,9BM384067NB247667,2024,168.0,SIM,SIM,36,SIM,SIM,9900069623/24,Veículo anterior baixado - Proc. N° 080006853/21,TRANSNIT
ARAÇATUBA,1.5.006,RJR-5D59,2021/2022,1282887901,9BM384067NB248398,2024,319.0,SIM,SIM,36,SIM,SIM,9900069724/24,Veículo anterior baixado - Proc. N° 080006855/21,TRANSNIT
ARAÇATUBA,1.5.007,RJF-5E77,2021/2022,1282889050,9BM384067NB248776,2024,359.0,SIM,SIM,36,SIM,SIM,9900069810/24,Veículo anterior baixado - Proc. N° 080006856/21,TRANSNIT
ARAÇATUBA,1.5.008,LMS-7G25,RKU8D99,1331975929,9BM384067PB295381,2024,411.0,SIM,SIM,36,SIM,SIM,9900069838/24,Veículo anterior baixado - Proc. N° 080010139/22,TRANSNIT
ARAÇATUBA,1.5.009,SRI-0B60,2023/2024,1354585442,9BM384050RB331813,2024,459.0,SIM,SIM,36,SIM,SIM,9900069848/24,Veículo anterior baixado - Proc. N° 080006222/23,TRANSNIT
ARAÇATUBA,1.5.010,RJN-4I20,2021/2022,1274314531,9BM384067NB219332,2024,508.0,SIM,SIM,36,SIM,SIM,9900070145/24,Veículo anterior baixado - Proc. N° 080005009/21,TRANSNIT
ARAÇATUBA,1.5.011,RJR-4B60,2021/2022,1274317450,9BM384067NB219544,2024,123.0,SIM,SIM,36,SIM,SIM,9900069439/24,Veículo anterior baixado - Proc. N° 080005010/21,TRANSNIT
ARAÇATUBA,1.5.013,RJD-4I69,2021/2022,1282877930,9BM384067NB248391,2024,79.0,SIM,SIM,36,SIM,SIM,9900069551/24,Veículo anterior baixado - Proc. N° 080006857/21,TRANSNIT
ARAÇATUBA,1.5.014,SEM-0B67,2023/2024,1354417850,9BM384050RB331800,2024,169.0,SIM,SIM,36,SIM,SIM,9900069628/24,Veículo anterior baixado - Proc. N° 080006223/23,TRANSNIT
ARAÇATUBA,1.5.016,SRH-0B51,2023/2024,1354586180,9BM384050RB331808,2024,312.0,SIM,SIM,36,SIM,SIM,9900069760/24,Veículo anterior baixado - Proc. N° 080006224/23,TRANSNIT
ARAÇATUBA,1.5.017,LTM-1E72,2023/2024,1354729460,9BM384050RB331945,2024,360.0,SIM,SIM,36,SIM,SIM,9900069816/24,Veículo anterior baixado - Proc. N° 080006225/23,TRANSNIT
ARAÇATUBA,1.5.018,RJN-4I21,2021/2022,1274318537,9BM384067NB219546,2024,410.0,SIM,SIM,36,SIM,SIM,9900069842/24,Veículo anterior baixado - Proc. N° 080005016/21,TRANSNIT
ARAÇATUBA,1.5.019,RIP-7C87,2021/2022,1282883175,9BM384067NB248394,2024,462.0,SIM,SIM,36,SIM,SIM,9900069850/24,Veículo anterior baixado - Proc. N° 080006858/21,TRANSNIT
ARAÇATUBA,1.5.020,SRK-0C47,2023/2024,1354727840,9BM384050RB332564,2024,506.0,SIM,SIM,36,SIM,SIM,9900070146/24,Veículo anterior baixado - Proc. N° 080006226/23,TRANSNIT
ARAÇATUBA,1.5.021,RIW-7J09,2023/2024,1353487102,9BM384050RB326534,2024,125.0,SIM,SIM,36,SIM,SIM,9900069449/24,Veículo anterior baixado - Proc. N° 080003056/23,TRANSNIT
ARAÇATUBA,1.5.022,SRM0B67,2023/2024,1354417850,9BM384050RB331800,2024,228.0,SIM,SIM,36,SIM,SIM,9900069464/24,Veículo anterior baixado - Proc. N° 080003057/23,TRANSNIT
ARAÇATUBA,1.5.023,RJN-4I44,2021/2022,1274887990,9BM384067NB219549,2024,80.0,SIM,SIM,36,SIM,SIM,9900069558/24,Veículo anterior baixado - Proc. N° 080005011/21,TRANSNIT
ARAÇATUBA,1.5.024,RJN-4I54,2021/2022,1275396469,9BM384067NB219551,2024,170.0,SIM,SIM,36,SIM,SIM,9900069638/4,Veículo anterior baixado - Proc. N 080005012/21,TRANSNIT
ARAÇATUBA,1.5.025,RJN-4I45,2021/2022,1274890753,9BM384067NB219556,2024,250.0,SIM,SIM,36,SIM,SIM,9900069674/24,Veículo anterior baixado - Proc. N° 080005017/21,TRANSNIT
ARAÇATUBA,1.5.026,RZJ-5A06,2023/2024,1354587143,9BM384050RB332581,2024,311.0,SIM,SIM,36,SIM,SIM,9900069768/24,Veículo anterior baixado - Proc. N° 080006227/23,TRANSNIT
ARAÇATUBA,1.5.027,SRJ-0C09,2023/2024,13547304118,9BM384050RB332583,2024,361.0,SIM,SIM,36,SIM,SIM,9900069822/24,Veículo anterior baixado - Proc. N° 080006228/23,TRANSNIT
ARAÇATUBA,1.5.028,STR4I28,2024/2025,1399370828,9BM384050SB370184,2024,137.0,SIM,SIM,36,SIM,SIM,9900074171/24,Veículo anterior baixado - Proc. N° 080001349/20,TRANSNIT
ARAÇATUBA,1.5.029,STR6H78,2024/2025,1399881245,9BM384050SB370173,2024,136.0,SIM,SIM,36,SIM,SIM,9900074166/24,Veículo anterior baixado - Proc. N° 080001350/20,TRANSNIT
ARAÇATUBA,1.5.031,RJX-7J38,2022/2023,1338891585,9BM384067PB309062,2024,124.0,SIM,SIM,36,SIM,SIM,9900069451/24,Veículo anterior baixado - Proc. N° 080010860/22,TRANSNIT
ARAÇATUBA,1.5.032,RIW-4I16,2023/2024,1353500397,9BM384050RB326572,2024,231.0,SIM,SIM,36,SIM,SIM,9900069518/24,Veículo anterior baixado - Proc. N° 080003058/23,TRANSNIT
ARAÇATUBA,1.5.033,SRG-0A50,2023/2024,1354394086,9BM384050RB326583,2024,81.0,SIM,SIM,36,SIM,SIM,9900069563/24,Veículo anterior baixado - Proc. N° 080003059/23,TRANSNIT
ARAÇATUBA,1.5.034,RIW-2J90,2023/2024,1353513200,9BM384050RB326564,2024,174.0,SIM,SIM,36,SIM,SIM,9900069641/24,Veículo anterior baixado - Proc. N° 080003060/23,TRANSNIT
ARAÇATUBA,1.5.035,RIX-9F80,2021/2022,1282870120,9BM384067NB248387,2024,248.0,SIM,SIM,36,SIM,SIM,9900069682/24,Veículo anterior baixado - Proc. N° 080006859/21,TRANSNIT
ARAÇATUBA,1.5.036,LRJ-5I59,2023/2024,1354731120,9BM384050RB332585,2024,310.0,SIM,SIM,36,SIM,SIM,9900069771/24,Veículo anterior baixado - Proc. N° 080006229/23,TRANSNIT
ARAÇATUBA,1.5.038,SQW-0A01,2023/2024,1354733042,9BM384050RB332595,2024,405.0,SIM,SIM,36,SIM,SIM,9900069843/24,Veículo anterior baixado - Proc. N° 080006230/23,TRANSNIT
ARAÇATUBA,1.5.039,LRJ-5I61,2023/2024,1354732151,9BM384050RB332593,2024,461.0,SIM,SIM,36,SIM,SIM,9900070139/24,Veículo anterior baixado - Proc. N° 080006231/23,TRANSNIT
ARAÇATUBA,1.5.041,SRV4A31,2024/2025,1399388972,9BM384050SB370178,2024,129.0,SIM,SIM,36,SIM,SIM,9900074172/24,Veículo anterior baixado - Proc. N° 080004680/19,TRANSNIT
ARAÇATUBA,1.5.042,SRT4E94,2024/2025,1399344002,9BM384050SB370175,2024,128.0,SIM,SIM,36,SIM,SIM,9900074173/24,Veículo anterior baixado - Proc. N° 080004678/19,TRANSNIT
ARAÇATUBA,1.5.043,RJN-4I53,2021/2022,1275395560,9BM384067NB219561,2024,97.0,SIM,SIM,36,SIM,SIM,9900069606/24,Veículo anterior baixado - Proc. N° 080002800/20,TRANSNIT
ARAÇATUBA,1.5.044,RJN-4I52,2021/2022,1275393532,9BM384067NB219563,2024,167.0,SIM,SIM,36,SIM,SIM,9900069644/24,Veículo anterior baixado - Proc. N° 080002434/20,TRANSNIT
ARAÇATUBA,1.5.045,RJN-4I46,2021/2022,1274891610,9BM384067NB219569,2024,247.0,SIM,SIM,36,SIM,SIM,9900069685/24,Veículo anterior baixado - Proc. N° 080002435/20,TRANSNIT
ARAÇATUBA,1.5.046,RJN-4I47,2021/2022,1274892632,9BM384067NB219806,2024,309.0,SIM,SIM,36,SIM,SIM,9900069777/24,Veículo anterior baixado - Proc. N° 080002802/20,TRANSNIT
ARAÇATUBA,1.5.047,RKU-5C08,2021/2022,1283589122,9BM384067NB247661,2024,362.0,SIM,SIM,36,SIM,SIM,9900069833/24,Veículo anterior baixado - Proc. N° 080003256/20,TRANSNIT
ARAÇATUBA,1.5.048,RKS-5C85,2021/2022,1282891178,9BM384067NB249890,2024,408.0,SIM,SIM,36,SIM,SIM,9900069845/24,Veículo anterior baixado - Proc. N° 080006860/21,TRANSNIT
ARAÇATUBA,1.5.050,KJR-7G05,2022/2023,1318206925,9BM384067PB278399,2024,507.0,SIM,SIM,36,SIM,SIM,9900070148/24,Veículo anterior baixado - Proc. N° 080002436/20,TRANSNIT
ARAÇATUBA,1.5.051,RJR-7G06,2022/2023,1318211376,9BM384067PB278480,2024,126.0,SIM,SIM,36,SIM,SIM,9900069453/24,Veículo anterior baixado - Proc. N° 080005013/21,TRANSNIT
ARAÇATUBA,1.5.052,RKH-9J92,2022/2023,1336957295,9BM384067PB309223,2024,230.0,SIM,SIM,36,SIM,SIM,9900069822/24,Veículo anterior baixado - Proc. N° 080000156/23,TRANSNIT
ARAÇATUBA,1.5.053,RKP-9I77,2022/2023,1337116707,9BM384067PB309408,2024,98.0,SIM,SIM,36,SIM,SIM,9900069609/24,Veículo anterior baixado - Proc. N° 080000146/23,TRANSNIT
ARAÇATUBA,1.5.054,RKG-9J73,2022/2023,1337130777,9BM384067PB310564,2024,171.0,SIM,SIM,36,SIM,SIM,9900069657/24,Veículo anterior baixado - Proc. N° 080000157/23,TRANSNIT
ARAÇATUBA,1.5.055,RKV-7J50,2022/2023,1318215193,9BM384067PB282067,2024,249.0,SIM,SIM,36,SIM,SIM,9900069695/24,Veículo anterior baixado - Proc. N° 080002437/20,TRANSNIT
ARAÇATUBA,1.5.056,RKB8G59,2022/2023,1333199020,9BM384067PB295382,2024,308.0,SIM,SIM,36,SIM,SIM,9900069781/24,Veículo anterior baixado - Proc. N° 080010138/22,TRANSNIT
ARAÇATUBA,1.5.057,STR4J07,2024/2025,13399394964,9BM384050SB370217,2024,131.0,SIM,SIM,36,SIM,SIM,9900074174/24,Veículo anterior baixado - Proc. N° 080001353/20,TRANSNIT
ARAÇATUBA,1.5.060,RKD-7G42,2022/2023,1320896151,9BM384067PB283097,2024,509.0,SIM,SIM,36,SIM,SIM,9900070151/24,Veículo anterior baixado - Proc. N° 080005014/21,TRANSNIT
ARAÇATUBA,1.5.061,RJG-8A49,2022/2023,1319809054,9BM384067PB283348,2024,121.0,SIM,SIM,36,SIM,SIM,9900069458/24,Veículo anterior baixado - Proc. N° 080005015/21,TRANSNIT
ARAÇATUBA,1.5.062,RKF-7E76,2022/2023,1320486093,9BM384067PB275422,2024,232.0,SIM,SIM,36,SIM,SIM,9900069527/24,Veícuo anterior baixado - Proc. N° 080003257/20,TRANSNIT
ARAÇATUBA,1.5.063,RJQ-8D01,2022/2023,1320491860,9BM384067PB279462,2024,82.0,SIM,SIM,36,SIM,SIM,9900069612/24,Veículo anterior baixado - Proc. N° 080003258/20,TRANSNIT
ARAÇATUBA,1.5.064,RKI-8A75,2022/2023,1324647547,9BM384067PB288890,2024,171.0,SIM,SIM,36,SIM,SIM,9900069662/24,Veículo anterior baixado - Proc. N° 080006861/21,TRANSNIT
ARAÇATUBA,1.5.065,RKH-9J48,2022/2023,1337155079,9BM384067PB311049,2024,246.0,SIM,SIM,36,SIM,SIM,9900069707/24,Veículo anterior baixado - Proc. N° 080000158/23,TRANSNIT
ARAÇATUBA,1.5.066,RJB-8B31,2022/2023,1324646648,9BM384067PB288914,2024,307.0,SIM,SIM,36,SIM,SIM,9900069805/24,Veículo anterior baixado - Proc. N° 080002809/20,TRANSNIT
ARAÇATUBA,1.5.067,RKH-9J60,2022/2023,1337170841,9BM384067PB311055,2024,363.0,SIM,SIM,36,SIM,SIM,9900069835/24,Veículo anterior baixado - Proc. N° 080012537/22,TRANSNIT
ARAÇATUBA,1.5.068,RIW-3F50,2023/2024,1353496403,9BM384050RB326567,2024,407.0,SIM,SIM,36,SIM,SIM,9900069847/24,Veículo anterior baixado - Proc. N° 080010859/22,TRANSNIT
ARAÇATUBA,1.5.069,RIW-2J80,2023/2024,1353499062,9BM384050RB326571,2024,460.0,SIM,SIM,36,SIM,SIM,9900070143/24,Veículo anterior baixado - Proc. N° 080012538/22,TRANSNIT
ARAÇATUBA,1.5.070,RKP-8I30,2022/2023,1331973969,9BM384067PB290593,2024,505.0,SIM,SIM,36,SIM,SIM,9900070153/24,Veículo anterior baixado - Proc. N° 080004677/19,TRANSNIT
ARAÇATUBA,1.5.071,RJV-8E99,2022/2023,1332918104,9BM384067PB296091,2024,82.0,SIM,SIM,36,SIM,SIM,9900069462/24,Veículo anterior baixado - Proc. N° 080003259/20,TRANSNIT
ARAÇATUBA,1.5.072,RKK-8J73,2022/2023,1332920710,9BM384067PB296724,2024,229.0,SIM,SIM,36,SIM,SIM,9900069539/24,Veículo anterior baixado - Proc. N° 080003260/20,TRANSNIT
ARAÇATUBA,1.5.073,RIW-3F53,2023/2024,1353505739,9BM384050RB329428,2024,96.0,SIM,SIM,36,SIM,SIM,9900069620/24,Veículo anterior baixado - Proc. N° 080003261/20,TRANSNIT
ARAÇATUBA,1.5.074,RIW-3F56,2023/2024,1353509238,9BM384050RB329430,2024,173.0,SIM,SIM,36,SIM,SIM,9900069668/24,Veículo anterior baixado - Proc. N° 080005018/21,TRANSNIT
ARAÇATUBA,1.5.075,SRK-0A28,2023/2024,1354372767,9BM38405RB329565,2024,245.0,SIM,SIM,36,SIM,SIM,9900069713/24,Veículo anterior baixado - Proc. N° 080003263/20,TRANSNIT
ARAÇATUBA,1.5.076,SRT6H67,2024/2025,1399877418,9BM384050SB370240,2024,132.0,SIM,SIM,36,SIM,SIM,9900074177/24,Veículo anterior baixado - Proc. N° 080003265/20,TRANSNIT
ARAÇATUBA,1.5.077,SRT4J21,2024/2025,1399398560,9BM384050SB370238,2024,133.0,SIM,SIM,36,SIM,SIM,9900074178/24,Veículo anterior baixado - Proc. N° 080002810/20,TRANSNIT
ARAÇATUBA,1.5.079,STR4I95,2024/2025,1399392732,9BM384050SB370213,2024,130.0,SIM,SIM,36,SIM,SIM,9900074186/24,Veículo anterior baixado - Proc. N° 080002438/20,TRANSNIT
ARAÇATUBA,1.5.078,SRT6H46,2024/2025,1399871720,9BM384050SB370235,2024,135.0,SIM,SIM,36,SIM,SIM,9900074182/24,,TRANSNIT
ARAÇATUBA,1.5.080,STR4I65,2024/2025,1399384470,9BM384050SB370182,2024,134.0,SIM,SIM,36,SIM,SIM,9900074188/24,,TRANSNIT
PENDOTIBA,2.1.001,SRM-7C79,2024/2025,1381904863,9BM384057SB356828,2024,369.0,SIM,SIM,44,SIM,SIM,9900095747/24,Veículo anterior baixado - Proc. N° 9900000406/24,TRANSOCEÂNICO
PENDOTIBA,2.1.002,SRC-4E59,2024/2025,1381905452,9BM384057SB356830,2024,358.0,SIM,SIM,44,SIM,SIM,9900095748/24,Veículo anterior baixado - Proc. N° 9900000431/24,TRANSOCEÂNICO
PENDOTIBA,2.1.003,SRD-2A78,2024/2025,1382113568,9BM384057SB359679,2024,261.0,SIM,SIM,44,SIM,SIM,9900095750/24,Veículo anterior baixado - Proc. N° 9900000436/24,TRANSOCEÂNICO
PENDOTIBA,2.1.004,SRL-6J71,2024/2025,1381905886,9BM384057SB359771,2024,616.0,SIM,SIM,44,SIM,SIM,9900115873/24,Veículo anterior baixado - Proc. N° 9900024100/24,TRANSOCEÂNICO
PENDOTIBA,2.1.005,SRC-4E64,2024/2025,1381906424,9BM384057SB359773,2024,606.0,SIM,SIM,44,SIM,SIM,99000115879/24,Veículo anterior baixado - Proc. N° 9900024101/24,TRANSOCEÂNICO
PENDOTIBA,2.1.006,SRG-7G01,2024/2025,1381906858,9BM384057SB359758,2024,368.0,SIM,SIM,44,SIM,SIM,9900095753/24,Veículo anterior baixado - Proc. N° 9900024102/24,TRANSOCEÂNICO
PENDOTIBA,2.1.007,SRG-7I04,2024/2025,1382448462,9BM384057SB3959747,2024,605.0,SIM,SIM,44,SIM,SIM,9900115902/24,Veículo anterior baixado - Proc. N° 9900024103/24,TRANSOCEÂNICO
PENDOTIBA,2.1.008,SRK-7B43,2024/2025,1381907307,9BM384057SB359752,2024,604.0,SIM,SIM,44,SIM,SIM,9900115882/24,Veículo anterior baixado - Proc. N° 9900024104/24,TRANSOCEÂNICO
PENDOTIBA,2.1.009,SRC-4E72,2024/2025,1381908150,9BM384057SB359738,2024,601.0,SIM,SIM,44,SIM,SIM,9900115883/24,Veículo anterior baixado - Proc. N° 9900024105/24,TRANSOCEÂNICO
PENDOTIBA,2.1.010,SRC-4E74,2024/2025,1381908800,9BM384057SB359756,2024,603.0,SIM,SIM,44,SIM,SIM,9900115886/24,Veículo anterior baixado - Proc. N° 9900024106/24,TRANSOCEÂNICO
PENDOTIBA,2.1.011,SSD0B55,2024/2025,1407813509,9BM384057SB381355,2024,555.0,SIM,SIM,44,SIM,SIM,9900107148/24,Veículo anterior baixado - Proc. N° 9900107107/24,TRANSOCEÂNICO
PENDOTIBA,2.1.012,SSC1F38,2024/2025,1407818136,9BM384057SB381049,2024,558.0,SIM,SIM,44,SIM,SIM,9900107151/24,Veículo anterior baixado - Proc. N° 9900107111/24,TRANSOCEÂNICO
PENDOTIBA,2.1.013,SSC0J19,2024/2025,1407681530,9BM384057SB381352,2024,560.0,SIM,SIM,44,SIM,SIM,9900107153/24,Veículo anterior baixado - Proc. N° 9900107116/24,TRANSOCEÂNICO
PENDOTIBA,2.1.014,SSC1F21,2024/2025,1407816184,9BM384057SB381458,2024,562.0,SIM,SIM,44,SIM,SIM,9900107156/24,Veículo anterior baixado - Proc. N° 9900107121/24,TRANSOCEÂNICO
PENDOTIBA,2.1.015,SSC1F27,2024/2025,1407817296,9BM384057SB381375,2024,561.0,SIM,SIM,44,SIM,SIM,9900107160/24,Veículo anterior baixado - Proc. N° 9900107123/24,TRANSOCEÂNICO
PENDOTIBA,2.1.016,SSD0B60,2024/2025,1407819728,9BM384057SB381452,2024,549.0,SIM,SIM,44,SIM,SIM,9900107163/24,Veículo anterior baixado - Proc. N° 9900107124/24,TRANSOCEÂNICO
PENDOTIBA,2.1.017,SSC1F54,2024/2025,1407820653,9BM384057SB381468,2024,550.0,SIM,SIM,44,SIM,SIM,9900107165/24,Veículo anterior baixado - Proc. N° 9900107126/24,TRANSOCEÂNICO
PENDOTIBA,2.1.018,SSC1E99,2024/2025,1407811905,9BM384057SB381460,2024,539.0,SIM,SIM,44,SIM,SIM,9900107168/24,Veículo anterior baixado - Proc. N° 9900107127/24,TRANSOCEÂNICO
PENDOTIBA,2.1.019,SSC1F04,2024/2025,1407812600,9BM384057SB381466,2024,557.0,SIM,SIM,44,SIM,SIM,9900107170/24,Veículo anterior baixado - Proc. N° 9900107128/24,TRANSOCEÂNICO
PENDOTIBA,2.1.020,SSC1F44,2024/2025,1407818985,9BM384057SB381359,2024,444.0,SIM,SIM,44,SIM,SIM,9900107171/24,Veículo anterior baixado - Proc. N° 9900107131/24,TRANSOCEÂNICO
PENDOTIBA,2.1.021,RKA-6D21,2022/2023,1291532959,9BM384065PB259230,2024,64.0,SIM,SIM,44,SIM,SIM,9900071901/24,Veículo anterior baixado - Proc. N° 080003185/22,TRANSOCEÂNICO
PENDOTIBA,2.1.022,RJH-6D77,2022/2023,1291531359,9BM384065PB259259,2024,1.0,SIM,SIM,44,SIM,SIM,9900072007/24,Veículo anterior baixado - Proc. N° 080003188/22,TRANSOCEÂNICO
PENDOTIBA,2.1.023,RKP-6A87,2022/2023,1291530417,9BM384065PB260399,2024,117.0,SIM,SIM,44,SIM,SIM,9900072022/24,Veículo anterior baixado - Proc. N° 080003183/22,TRANSOCEÂNICO
PENDOTIBA,2.1.024,RJS-6C80,2022/2023,1294843246,9BM384065PB265482,2024,237.0,SIM,SIM,44,SIM,SIM,9900072437/24,Veículo anterior baixado - Proc. N° 080003182/22,TRANSOCEÂNICO
PENDOTIBA,2.1.025,RJG-6G24,2022/2023,1294840980,9BM384065PB265502,2024,337.0,SIM,SIM,44,SIM,SIM,9900072497/24,Veículo anterior baixado - Proc. N° 080003180/22,TRANSOCEÂNICO
PENDOTIBA,2.1.026,RKA-6I49,2022/2023,1298275846,9BM384065PB263569,2024,327.0,SIM,SIM,44,SIM,SIM,9900072586/24,Veículo anterior baixado - Proc. N° 080003178/22,TRANSOCEÂNICO
PENDOTIBA,2.1.027,RKB-6F15,2022/2023,1298278845,9BM384065PB268032,2024,384.0,SIM,SIM,44,SIM,SIM,9900072650/24,Veículo anterior baixado - Proc. N° 080003177/22,TRANSOCEÂNICO
PENDOTIBA,2.1.029,RKQ-6J85,2022/2023,1298277920,9BM384065PB265524,2024,474.0,SIM,SIM,44,SIM,SIM,990073055/24,Veículo anterior baixado - Proc. N° 080003175/22,TRANSOCEÂNICO
PENDOTIBA,2.1.030,RJT-7B26,2022/2023,1301669188,9BM384065PB263558,2024,547.0,SIM,SIM,44,SIM,SIM,9900073082/24,Veículo anterior baixado - Proc. N° 080003174/22,TRANSOCEÂNICO
PENDOTIBA,2.1.031,RKJ-9B36,2022/2023,1340473566,9BM384065PB303701,2024,67.0,SIM,SIM,44,SIM,SIM,9900071903/24,Veículo anterior baixado - Proc. N° 080003173/22,TRANSOCEÂNICO
PENDOTIBA,2.1.032,LUO-8B36,2023/2024,1350438127,9BM384057RB317583,2024,266.0,SIM,SIM,44,SIM,SIM,9900072008/24,Veículo anterior baixado - Proc. N° 080003172/22,TRANSOCEÂNICO
PENDOTIBA,2.1.033,LUC-9F68,2023/2024,1350322277,9BM384057RB322174,2024,116.0,SIM,SIM,44,SIM,SIM,9900072403/24,Veículo anterior baixado - Proc. N° 080003171/22,TRANSOCEÂNICO
PENDOTIBA,2.1.034,LUQ-9H19,2023/2024,1350984199,9BM384057RB317512,2024,234.0,SIM,SIM,44,SIM,SIM,9900072454/24,Veículo anterior baixado - Proc. N° 080003170/22,TRANSOCEÂNICO
PENDOTIBA,2.1.035,LTW-7E39,2023/2024,1350930714,9BM384057RB317626,2024,267.0,SIM,SIM,44,SIM,SIM,9900072499/24,Veículo anterior baixado - Proc. N° 080007308/22,TRANSOCEÂNICO
PENDOTIBA,2.1.036,LTW-9I63,2023/2024,1351511375,9BM384057RB321783,2024,328.0,SIM,SIM,44,SIM,SIM,9900072588/24,Veículo anterior baixado - Proc. N° 080003169/22,TRANSOCEÂNICO
PENDOTIBA,2.1.037,LTW8D97,2023/2024,1351255999,9BM384057RB316834,2024,380.0,SIM,SIM,44,SIM,SIM,990007251/24,Veículo anterior baixado - Proc. N° 080003168/22,TRANSOCEÂNICO
PENDOTIBA,2.1.038,LTW8D89,2023/2024,1351256855,9BM384057RB315940,2024,480.0,SIM,SIM,44,SIM,SIM,9900073021/24,Veículo anterior baixado - Proc. N° 080003167/22,TRANSOCEÂNICO
PENDOTIBA,2.1.039,LTW-9I73,2023/2024,1351257800,9BM384057RB317263,2024,477.0,SIM,SIM,44,SIM,SIM,9900073057/24,Veículo anterior baixado - Proc. N° 080003166/22,TRANSOCEÂNICO
PENDOTIBA,2.1.040,SQW-0H82,2023/2024,1363599892,9BM384057RB329626,2024,559.0,SIM,SIM,44,SIM,SIM,9900073085/24,Veículo anterior baixado - Proc. N° 080000242/23,TRANSOCEÂNICO
PENDOTIBA,2.1.041,SQW-0H83,2023/2024,1363603520,9BM384057RB329811,2024,69.0,SIM,SIM,44,SIM,SIM,9900071907/24,Veículo anterior baixado - Proc. N° 080000243/23,TRANSOCEÂNICO
PENDOTIBA,2.1.042,SRG-0F84,2023/2024,1363603261,9BM384057RB329830,2024,268.0,SIM,SIM,44,SIM,SIM,9900072009/24,Veículo anterior baixado - Proc. N° 080000244/23,TRANSOCEÂNICO
PENDOTIBA,2.1.043,SQV-1I65,2023/2024,1363604659,9BM384057RB329688,2024,110.0,SIM,SIM,44,SIM,SIM,9900072409/24,Veículo anterior baixado - Proc. N° 080000245/23,TRANSOCEÂNICO
PENDOTIBA,2.1.044,SRL-0F69,2023/2024,1364042212,9BM384057RB329653,2024,236.0,SIM,SIM,44,SIM,SIM,9900072457/24,Veículo anterior baixado - Proc. N° 080000246/23,TRANSOCEÂNICO
PENDOTIBA,2.1.045,SRN-0G53,2023/2024,1364042867,9BM384057RB329600,2024,325.0,SIM,SIM,44,SIM,SIM,9900072501/24,Veículo anterior baixado - Proc. N° 080008088/19,TRANSOCEÂNICO
PENDOTIBA,2.1.046,SQV-2H88,2023/2024,1364043480,9BM384057RB329615,2024,331.0,SIM,SIM,44,SIM,SIM,9900072592/24,Veículo anterior baixado - Proc. N° 080007654/2023,TRANSOCEÂNICO
PENDOTIBA,2.1.047,SQV-2H85,2023/2024,1364041283,9BM384057RB329575,2024,377.0,SIM,SIM,44,SIM,SIM,9900072652/24,Veículo anterior baixado - Proc. N° 9900066836/23,TRANSOCEÂNICO
PENDOTIBA,2.1.048,SRG-0G19,2023/2024,1364042395,9BM384057RB329657,2024,602.0,SIM,SIM,44,SIM,SIM,9900073025/24,Veículo anterior baixado - Proc. N° 080007655/2023,TRANSOCEÂNICO
PENDOTIBA,2.1.049,SRN-0G54,2023/2024,1364043243,9BM384057RB329659,2024,475.0,SIM,SIM,44,SIM,SIM,9900073059/24,Veículo anterior baixado - Proc. N° 080007656/2023,TRANSOCEÂNICO
PENDOTIBA,2.1.050,SEM-0G87,2023/2024,1364044010,9BM384057RB329671,2024,546.0,SIM,SIM,44,SIM,SIM,9900073090/24,Veículo anterior baixado - Proc. N° 080000327/20,TRANSOCEÂNICO
PENDOTIBA,2.1.051,SQW-1B06,2023/2024,1364356373,9BM384057RB329635,2024,65.0,SIM,SIM,44,SIM,SIM,9900071911/24,Veículo anterior baixado - Proc. N° 080006863/2023,TRANSOCEÂNICO
PENDOTIBA,2.1.052,SRI-0H56,2023/2024,1364449339,9BM384057RB329631,2024,2.0,SIM,SIM,44,SIM,SIM,9900072010/24,Veículo anterior baixado - Proc. N° 9900066837/23,TRANSOCEÂNICO
PENDOTIBA,2.1.053,SQV-3H41,2023/2024,1364450752,9BM384057RB329633,2024,113.0,SIM,SIM,44,SIM,SIM,9900072410/24,Veículo anterior baixado - Proc. N° 9900066838/23,TRANSOCEÂNICO
PENDOTIBA,2.1.054,SQV-3H47,2023/2024,1364454588,9BM384057RB329624,2024,240.0,SIM,SIM,44,SIM,SIM,9900072465/24,Veículo anterior baixado - Proc. N° 9900066839/23,TRANSOCEÂNICO
PENDOTIBA,2.1.055,SRL-0G32,2023/2024,1364354036,9BM384057RB329813,2024,336.0,SIM,SIM,44,SIM,SIM,9900072506/24,Veículo anterior baixado - Proc. N° 080006864/2023,TRANSOCEÂNICO
PENDOTIBA,2.1.056,SQV-2H84,2023/2024,1364041062,9BM384057RB329828,2024,330.0,SIM,SIM,44,SIM,SIM,9900072596/24,Veículo anterior baixado - Proc. N° 9900066840/23,TRANSOCEÂNICO
PENDOTIBA,2.1.057,SRL-0G85,2023/2024,1364451996,9BM384057RB329822,2024,385.0,SIM,SIM,44,SIM,SIM,9900072653/24,Veículo anterior baixado - Proc. N° 9900066841/23,TRANSOCEÂNICO
PENDOTIBA,2.1.058,SQV-3D90,2023/2024,1364353714,9BM384057RB329803,2024,422.0,SIM,SIM,44,SIM,SIM,9900073027/24,Veículo anterior baixado - Proc. N° 9900066842/23,TRANSOCEÂNICO
PENDOTIBA,2.1.059,SQV-3D95,2023/2024,1364356349,9BM384057RB329805,2024,476.0,SIM,SIM,44,SIM,SIM,080006630/2023,Veículo anterior baixado - Proc. N° 9900066843/23,TRANSOCEÂNICO
PENDOTIBA,2.1.060,SQW-1B07,2023/2024,1364357159,9BM384057RB329824,2024,545.0,SIM,SIM,44,SIM,SIM,9900073092/24,Veículo anterior baixado - Proc. N° 99000066844/23,TRANSOCEÂNICO
PENDOTIBA,2.1.061,SQV-3H35,2023/2024,1364447140,9BM384057RB329679,2024,63.0,SIM,SIM,44,SIM,SIM,9900071914/24,Veículo anterior baixado - Proc. N° 0800004880/2023,TRANSOCEÂNICO
PENDOTIBA,2.1.062,SQY-0D84,2023/2024,1364355393,9BM384057RB329677,2024,7.0,SIM,SIM,44,SIM,SIM,9900072012/24,Veículo anterior baixado - Proc. N° 080004882/2023,TRANSOCEÂNICO
PENDOTIBA,2.1.063,SRM-0H49,2023/2024,1364358112,9BM384057RB329683,2024,114.0,SIM,SIM,44,SIM,SIM,9900072411/24,Veículo anterior baixado - Proc. N° 080006865/2023,TRANSOCEÂNICO
PENDOTIBA,2.1.064,SQV-3H37,2023/2024,1364448057,9BM384057RB329685,2024,238.0,SIM,SIM,44,SIM,SIM,9900072470/24,Veículo anterior baixado - Proc. N° 080006625/2023,TRANSOCEÂNICO
PENDOTIBA,2.1.065,SRM-0H50,2023/2024,1364360281,9BM384057RB329681,2024,436.0,SIM,SIM,44,SIM,SIM,9900072537/24,Veículo anterior baixado - Proc. N° 080006866/2023,TRANSOCEÂNICO
PENDOTIBA,2.1.066,SRN-0H17,2023/2024,1364358970,9BM384057RB329801,2024,333.0,SIM,SIM,44,SIM,SIM,9900072603/24,Veículo anterior baixado - Proc. N° 9900066845/23,TRANSOCEÂNICO
PENDOTIBA,2.1.067,SQV-3D99,2023/2024,1364359585,9BM384057RB329826,2024,371.0,SIM,SIM,44,SIM,SIM,9900072654/24,Veículo anterior baixado - Proc. N° 9900066846/23,TRANSOCEÂNICO
PENDOTIBA,2.1.068,SQZ-7A83,2023/2024,1372069299,9BM384057RB349789,2024,423.0,SIM,SIM,44,SIM,SIM,9900073030/24,Veículo anterior baixado - Proc. N° 080004879/2023,TRANSOCEÂNICO
PENDOTIBA,2.1.069,SEM-4F84,2023/2024,1372066834,9BM384057RB350730,2024,481.0,SIM,SIM,44,SIM,SIM,9900073067/24,Veículo anterior baixado - Proc. N° 080007657/2023,TRANSOCEÂNICO
PENDOTIBA,2.1.070,SQZ-7A85,2023/2024,1372069540,9BM384057RB349771,2024,548.0,SIM,SIM,44,SIM,SIM,9900073093/24,Veículo anterior baixado - Proc. N° 080004361/20,TRANSOCEÂNICO
PENDOTIBA,2.1.071,SRU-4A15,2023/2024,1372069779,9BM384057RB350740,2024,66.0,SIM,SIM,44,SIM,SIM,9900071999/24,Veículo anterior baixado - Proc. N° 080006885/2023,TRANSOCEÂNICO
PENDOTIBA,2.1.072,SRJ-4F14,2023/2024,1372070068,9BM384057RB350745,2024,8.0,SIM,SIM,44,SIM,SIM,9900072014/24,Veículo anterior baixado - Proc. N° 080007659/2023,TRANSOCEÂNICO
PENDOTIBA,2.1.073,SRP-4E58,2023/2024,1372068489,9BM384057RB350218,2024,115.0,SIM,SIM,44,SIM,SIM,9900072416/24,Veículo anterior baixado - Proc. N° 080005329/2023,TRANSOCEÂNICO
PENDOTIBA,2.1.074,SRU-4A13,2023/2024,1372068063,9BM384057RB350752,2024,239.0,SIM,SIM,44,SIM,SIM,9900072471/24,Veículo anterior baixado - Proc. N° 080007457/2023,TRANSOCEÂNICO
PENDOTIBA,2.1.075,SRK-4F22,2023/2024,1372067270,9BM384057RB350943,2024,554.0,SIM,SIM,44,SIM,SIM,9900072549/24,Veículo anterior baixado - Proc. N° 080007336/2023,TRANSOCEÂNICO
PENDOTIBA,2.1.076,SRG-4G89,2023/2024,1372066443,9BM384057RB350220,2024,551.0,SIM,SIM,44,SIM,SIM,9900072607/24,Veículo anterior baixado - Proc. N° 080007338/2023,TRANSOCEÂNICO
PENDOTIBA,2.1.077,SRP-4E59,2023/2024,1372068969,9BM384057RB3500227,2024,378.0,SIM,SIM,44,SIM,SIM,9900072655/24,Veículo anterior baixado - Proc. N° 080007459/2023,TRANSOCEÂNICO
PENDOTIBA,2.1.078,SRG-7I01,2024/2025,1382441409,9BM384057SB359750,2024,424.0,SIM,SIM,44,SIM,SIM,9900115892/24,Veículo anterior baixado - Proc. N° 080007343/2023,TRANSOCEÂNICO
PENDOTIBA,2.1.079,SRK-7B41,2024/2025,1381902976,9BM384057SB359769,2024,425.0,SIM,SIM,44,SIM,SIM,9900115897/24,Veículo anterior baixado - Proc. N° 9900032450/24,TRANSOCEÂNICO
PENDOTIBA,2.1.080,SRI-7B77,2024/2025,1382125515,9BM384057SB359804,2024,426.0,SIM,SIM,44,SIM,SIM,9900115894/24,Veículo anterior baixado - Proc. N° 080007460/23,TRANSOCEÂNICO
PENDOTIBA,2.1.081,SRD-2C09,2024/2025,1382448950,9BM384057SB359766,2024,428.0,SIM,SIM,44,SIM,SIM,9900115907/24,Veículo anterior baixado - Proc. N° 080007664/23,TRANSOCEÂNICO
PENDOTIBA,2.1.082,SRC-4E57,2024/2025,1381903905,9BM384057SB359754,2024,193.0,SIM,SIM,44,SIM,SIM,9900095756/24,Veículo anterior baixado - Proc. N° 9900032462/24,TRANSOCEÂNICO
PENDOTIBA,2.1.083,SRR-5I29,2024/2025,1395999942,9BM384057SB371443,2024,38.0,SIM,SIM,44,SIM,SIM,9900063700/24,Veículo anterior baixado - Proc. N° 080007666/2023,TRANSOCEÂNICO
PENDOTIBA,2.1.084,SRS-2B50,2024/2025,1396001287,9BM384057SB370180,2024,37.0,SIM,SIM,44,SIM,SIM,9900063704/24,Veículo anterior baixado - Proc. N° 080007339/2023,TRANSOCEÂNICO
PENDOTIBA,2.1.085,SRR5A44,2024/2025,1395874147,9BM384057SB371741,2024,42.0,SIM,SIM,44,SIM,SIM,9900060719/24,Veículo anterior baixado - Proc. N° 080007341/2023,TRANSOCEÂNICO
PENDOTIBA,2.1.086,SRR-5I34,2024/2025,1396001350,9BM384057SB371706,2024,36.0,SIM,SIM,44,SIM,SIM,9900063709/24,Veículo anterior baixado - Proc. N° 080007344/2023,TRANSOCEÂNICO
PENDOTIBA,2.1.087,SRR5B65,2024/2025,1395893273,9BM384057SB371702,2024,41.0,SIM,SIM,44,SIM,SIM,9900060736/24,Veículo anterior baixado - Proc. N° 080007665/2023,TRANSOCEÂNICO
PENDOTIBA,2.1.088,SRR5A15,2024/2025,1395868961,9BM384057SB371699,2024,42.0,SIM,SIM,44,SIM,SIM,9900060741/24,Veículo anterior baixado - Proc. N° 080008015/2023,TRANSOCEÂNICO
PENDOTIBA,2.1.089,SRR5A35,2024/2025,1395871717,9BM384057SB371695,2024,43.0,SIM,SIM,44,SIM,SIM,9900060761/24,Veículo anterior baixado - Proc. N° 9900000455/24,TRANSOCEÂNICO
PENDOTIBA,2.1.090,SRR-5I40,2024/2025,1396003557,9BM384057SB370177,2024,35.0,SIM,SIM,44,SIM,SIM,9900063713/24,Veículo anterior baixado - Proc. N° 9900000459/24,TRANSOCEÂNICO
PENDOTIBA,2.1.091,SRR5A34,2024/2025,1395871601,9BM384057SB370174,2024,40.0,SIM,SIM,44,SIM,SIM,9900060763/24,Veículo anterior baixado - Proc. N° 9900000460/24,TRANSOCEÂNICO
PENDOTIBA,2.1.092,SRR5A26,2024/2025,1395870281,9BM384057SB371677,2024,45.0,SIM,SIM,44,SIM,SIM,9900060765/24,Veículo anterior baixado - Proc. N° 9900000498/24,TRANSOCEÂNICO
PENDOTIBA,2.1.118,LUE-7E68,2023/2024,1347345296,9BM384057RB316504,2024,278.0,SIM,SIM,44,SIM,SIM,9900073044/24,Veículo anterior baixado - Proc. N° 080000248/23,TRANSOCEÂNICO
PENDOTIBA,2.1.119,LUE-7E74,2023/2024,1347345954,9BM384057RB317213,2024,482.0,SIM,SIM,44,SIM,SIM,9900073071/24,Veículo anterior baixado - Proc. N° 080008257/21,TRANSOCEÂNICO
PENDOTIBA,2.1.120,LUK-9H19,2023/2024,1346508779,9BM384057RB315920,2024,540.0,SIM,SIM,44,SIM,SIM,9900073094/24,Veículo anterior baixado - Proc. N° 080008258/21,TRANSOCEÂNICO
PENDOTIBA,2.1.121,LUA-7G55,2023/2024,1347204196,9BM384057RB320305,2024,61.0,SIM,SIM,44,SIM,SIM,9900072001/24,Veículo anterior baixado - Proc. N° 080008259/21,TRANSOCEÂNICO
PENDOTIBA,2.1.122,LUC-6H99,2023/2024,1347364754,9BM384057RB320312,2024,6.0,SIM,SIM,44,SIM,SIM,9900072017/24,Veículo anterior baixado - Proc. N° 080008260/21,TRANSOCEÂNICO
PENDOTIBA,2.1.123,LUI-8B17,2023/2024,1349201135,9BM384057RB320318,2024,111.0,SIM,SIM,44,SIM,SIM,9900072420/24,Veículo anterior baixado - Proc. N° 080008284/21,TRANSOCEÂNICO
PENDOTIBA,2.1.124,LUQ-6B48,2023/2024,1347203238,9BM384057RB320908,2024,242.0,SIM,SIM,44,SIM,SIM,9900072485/24,Veículo anterior baixado - Proc. N° 080008285/21,TRANSOCEÂNICO
PENDOTIBA,2.1.125,LUC-6F45,2023/2024,1347205214,9BM384057RB320990,2024,437.0,SIM,SIM,44,SIM,SIM,9900072559/24,Veículo anterior baixado - Proc. N° 080002911/18,TRANSOCEÂNICO
PENDOTIBA,2.1.126,LUE-9A47,2023/2024,1348217992,9BM384057RB320987,2024,332.0,SIM,SIM,44,SIM,SIM,9900072645/24,Veículo anterior baixado - Proc. N° 080007501/19,TRANSOCEÂNICO
PENDOTIBA,2.1.127,LUO-7H85,2023/2024,1350315122,9BM384057RB320929,2024,375.0,SIM,SIM,44,SIM,SIM,9900072658/24,Veículo anterior baixado - Proc. N° 080007503/19,TRANSOCEÂNICO
PENDOTIBA,2.1.128,LTW-6G91,2023/2024,1350325659,9BM384057RB317556,2024,427.0,SIM,SIM,44,SIM,SIM,9900073046/24,Veículo anterior baixado - Proc. N° 08000537/2023,TRANSOCEÂNICO
PENDOTIBA,2.1.129,LUI-7H81,2023/2024,1349010496,9BM384057RB317652,2024,483.0,SIM,SIM,44,SIM,SIM,9900073076/24,Veículo anterior baixado - Proc. N° 080005339/2023,TRANSOCEÂNICO
PENDOTIBA,2.1.130,LUO-7H99,2023/2024,1350316072,9BM384057RB321764,2024,543.0,SIM,SIM,44,SIM,SIM,9900073095/24,Veículo anterior baixado - Proc. N° 080005340/2023,TRANSOCEÂNICO
PENDOTIBA,2.1.131,LUI-8J59,2023/2024,1349697378,9BM384057RB321830,2024,60.0,SIM,SIM,44,SIM,SIM,9900072003/24,Veículo anterior baixado - Proc. N° 080008286/21,TRANSOCEÂNICO
PENDOTIBA,2.1.132,LUI-8J65,2023/2024,1349699206,9BM384057RB321820,2024,265.0,SIM,SIM,44,SIM,SIM,9900072019/24,Veículo anterior baixado - Proc. N° 080008287/21,TRANSOCEÂNICO
PENDOTIBA,2.1.133,LUS-8G58,2023/2024,1349694620,9BM384057RB321817,2024,112.0,SIM,SIM,44,SIM,SIM,9900072422/24,Veículo anterior baixado - Proc. N° 080008288/21,TRANSOCEÂNICO
PENDOTIBA,2.1.134,LUS-8G34,2023/2024,1349693437,9BM384057RB322124,2024,241.0,SIM,SIM,44,SIM,SIM,9900072489/24,Veículo anterior baixado - Proc. N° 080008289/21,TRANSOCEÂNICO
PENDOTIBA,2.1.135,LUS-8G45,2023/2024,1349695480,9BM384057RB322154,2024,335.0,SIM,SIM,44,SIM,SIM,9900072566/24,Veículo anterior baixado - Proc. N° 080008290/21,TRANSOCEÂNICO
PENDOTIBA,2.1.136,SRF-9B55,2023/2024,1385321218,9BM382143RB350724,2024,10.0,SIM,SIM,34,SIM,SIM,9900055894/24,Veículo anterior baixado - Proc. N° 9900057006/24,TRANSOCEÂNICO
PENDOTIBA,2.1.137,SRF-9B52,2023/2024,1385318969,9BM382143RB350773,2024,11.0,SIM,SIM,34,SIM,SIM,9900055910/24,Veículo anterior baixado - Proc. N° 9900057008/24,TRANSOCEÂNICO
PENDOTIBA,2.1.138,SRU-9H28,2023/2024,1385111612,9BM382143RB350779,2024,13.0,SIM,SIM,34,SIM,SIM,9900055916/24,Veículo anterior baixado - Proc. N° 9900057009/24,TRANSOCEÂNICO
PENDOTIBA,2.1.139,SRQ-4B56,2023/2024,1385110551,9BM382143RB350772,2024,9.0,SIM,SIM,34,SIM,SIM,9900055918/24,Veículo anterior baixado - Proc. N° 9900057010/24,TRANSOCEÂNICO
PENDOTIBA,2.1.140,SRF-8G24,2023/2024,1385106805,9BM382143RB350775,2024,15.0,SIM,SIM,34,SIM,SIM,9900055925/24,Veículo anterior baixado - Proc. N° 9900057011/24,TRANSOCEÂNICO
PENDOTIBA,2.1.141,SRQ-4G19,2023/2024,1385319876,9BM382143RB350778,2024,,SIM,SIM,34,SIM,SIM,9900061977/24,Veículo anterior baixado - Proc. N° 9900057012/24,TRANSOCEÂNICO
PENDOTIBA,2.1.142,SRF-8G25,2023/2024,1385106724,9BM382143RB351361,2024,18.0,SIM,SIM,34,SIM,SIM,9900055900/24,Veículo anterior baixado - Proc. N° 9900057014/24,TRANSOCEÂNICO
PENDOTIBA,2.1.143,SRQ-4B53,2023/2024,1385108590,9BM382143RB350781,2024,8.0,SIM,SIM,34,SIM,SIM,9900055921/24,Veículo anterior baixado - Proc. N° 9900057016/24,TRANSOCEÂNICO
PENDOTIBA,2.1.144,SRF-8G29,2023/2024,1385108654,9BM382143RB350776,2024,16.0,SIM,SIM,34,SIM,SIM,9900055906/24,Veículo anterior baixado - Proc. N° 9900057020/24,TRANSOCEÂNICO
PENDOTIBA,2.1.145,SRF8G69,2023/2024,1385112562,9BM382143RB350770,2024,20.0,SIM,SIM,34,SIM,SIM,9900055925/24,Veículo anterior baixado - Proc. N° 9900057023/24,TRANSOCEÂNICO
PENDOTIBA,2.1.146,RJH-7F37,2022/2023,1302857450,9BM382189PB272301,2024,334.0,SIM,SIM,34,SIM,SIM,9900072646/24,Veículo anterior baixado - Proc. N° 080007309/22,TRANSOCEÂNICO
PENDOTIBA,2.1.147,RJP-7C64,2022/2023,1302852008,9BM382189PB272306,2024,478.0,SIM,SIM,34,SIM,SIM,080006724/2023,Veículo anterior baixado - Proc. N° 080007310/22,TRANSOCEÂNICO
PENDOTIBA,2.1.148,RJY-6E35,2022/2023,1302856887,9BM382189PB272309,2024,430.0,SIM,SIM,34,SIM,SIM,9900073050/24,Veículo anterior baixado - Proc. N° 080007311/22,TRANSOCEÂNICO
PENDOTIBA,2.1.149,RKN-6G18,2022/2023,1302849481,9BM382189PB272299,2024,521.0,SIM,SIM,34,SIM,SIM,9900073078/24,Veículo anterior baixado - Proc. N° 080007312/22,TRANSOCEÂNICO
PENDOTIBA,2.1.150,RKF-6H95,2022/2023,1302858260,9BM382189PB272303,2024,542.0,SIM,SIM,34,SIM,SIM,9900073096/24,Veículo anterior baixado - Proc. N° 080007313/22,TRANSOCEÂNICO
PENDOTIBA,2.1.151,RKA-7F68,2022/2023,1304750270,9BM382189PB275748,2024,68.0,SIM,SIM,34,SIM,SIM,9900072005/24,Veículo anterior baixado - Proc. N° 080007314/22,TRANSOCEÂNICO
PENDOTIBA,2.1.152,RJU-7G86,2022/2023,1304749654,9BM382189PB275816,2024,438.0,SIM,SIM,34,SIM,SIM,9900072020/24,Veículo anterior baixado - Proc. N° 080007315/22,TRANSOCEÂNICO
PENDOTIBA,2.1.153,RKK-7E90,2022/2023,1304699533,9BM382189PB275812,2024,109.0,SIM,SIM,34,SIM,SIM,9900072430/24,Veículo anterior baixado - Proc. N° 080007316/22,TRANSOCEÂNICO
PENDOTIBA,2.1.154,RJO-7D46,2022/2023,1304750954,9BM382189PB278781,2024,235.0,SIM,SIM,34,SM,SIM,9900072493/24,Veículo anterior baixado - Proc. N° 080007317/22,TRANSOCEÂNICO
PENDOTIBA,2.1.155,RJO-7D47,2022/2023,1304751535,9BM382189PB278425,2024,440.0,SIM,SIM,43,SIM,SIM,9900072575/24,Véiculo anterior baixado - Proc. N° 080007318/22,TRANSOCEÂNICO
PENDOTIBA,2.1.156,RJV-9F51,2022/2023,1344824215,9BM382189PB303001,2024,292.0,SIM,SIM,34,SIM,SIM,9900072647/24,Veículo anterior baixado - Proc. N° 080000249/23,TRANSOCEÂNICO
PENDOTIBA,2.1.157,RIV-9C84,2022/2023,1344827222,9BM382189PB285225,2024,381.0,SIM,SIM,34,SIM,SIM,9900072661/24,Veículo anterior baixado - Proc. N° 080000250/23,TRANSOCEÂNICO
PENDOTIBA,2.1.158,RJV-9F47,2022/2023,13448236553,9BM382189PB289189,2024,429.0,SIM,SIM,34,SIM,SIM,9900073053/24,Veículo anterior baixado - Proc. N° 080000251/23,TRANSOCEÂNICO
PENDOTIBA,2.1.159,RKQ-9I32,2022/2023,1344820341,9BM382189PB290939,2024,522.0,SIM,SIM,34,SIM,SIM,9900073080/24,Veículo anterior baixado - Proc. N° 080000252/23,TRANSOCEÂNICO
PENDOTIBA,2.1.160,RKS-9D79,2022/2023,1344825688,9BM382189PB294716,2024,541.0,SIM,SIM,34,SIM,SIM,9900073098/24,Veículo anterior baixado - Proc. N° 080000253/23,TRANSOCEÂNICO
PENDOTIBA,2.1.177,LUC6J56,2023/2024,1347628484,9BM384057RB316520,2024,376.0,SIM,SIM,44,SIM,SIM,9900072657/24,Veículo anterior baixado - Proc. N° 080005622/19,TRANSOCEÂNICO
SANTO ANTONIO,2.2.001,LUC-2F16,2019/2020,1214717982,9BM384078LB159973,2024,118.0,SIM,SIM,43,SIM,SIM,9900073205/24,Veículo anterior baixado - Proc. N° 080008364/19,TRANSOCEÂNICO
SANTO ANTONIO,2.2.002,LUC-2F17,2019/2020,1214718580,9BM384078LB160230,2024,5.0,SIM,SIM,43,SIM,SIM,9900073207/24,Veículo anterior baixado - Proc. N° 080008365/19,TRANSOCEÂNICO
SANTO ANTONIO,2.2.003,LSP-8872,2015/2016,1092264660,9BM384078GB029070,2024,99.0,SIM,SIM,46,SIM,SIM,9900073211/24,,TRANSOCEÂNICO
SANTO ANTONIO,2.2.004,LUO-2G30,2019/2020,1214717761,9BM384078LB160155,2024,286.0,SIM,SIM,43,SIM,SIM,9900075383/24,Veículo anterior baixado - Proc. N° 080008366/19,TRANSOCEÂNICO
SANTO ANTONIO,2.2.005,LSP-8870,2015/2016,1092263419,9BM384078GB029057,2024,256.0,SIM,SIM,46,SIM,SIM,9900075427/24,,TRANSOCEÂNICO
SANTO ANTONIO,2.2.006,SQW-9H53,2023/2024,1360274828,9BM384057RB322151,2024,321.0,SIM,SIM,44,SIM,SIM,9900075504/24,Veículo anterior baixado - Proc. N° 080009753/2023,TRANSOCEÂNICO
SANTO ANTONIO,2.2.007,KRQ-6255,2015/2016,1092261130,9BM384078GB029126,2024,366.0,SIM,SIM,46,SIM,SIM,9900075517/24,,TRANSOCEÂNICO
SANTO ANTONIO,2.2.008,SQW-9G76,2023/2024,1360234915,9BM384057RB322146,2024,412.0,SIM,SIM,44,SIM,SIM,9900075530/24,Veículo anterior baixado - Proc. N° 080009033/2023,TRANSOCEÂNICO
SANTO ANTONIO,2.2.009,KRQ-6256,2015/2016,1092263685,9BM384078GB029097,2024,536.0,SIM,SIM,46,SIM,SIM,9900076023/24,,TRANSOCEÂNICO
SANTO ANTONIO,2.2.010,RKV-8A16,2022/2023,1319221499,9BM384065PB275699,2024,510.0,SIM,SIM,44,SIM,SIM,9900076056/24,Veículo anterior baixado - Proc. N° 080001591/21,TRANSOCEÂNICO
SANTO ANTONIO,2.2.011,SRP-2C52,2023/2024,1360400513,9BM384057RB322157,2024,94.0,SIM,SIM,44,SIM,SIM,9900073213/24,Veículo anterior baixado - Proc. N° 080009374/2023,TRANSOCEÂNICO
SANTO ANTONIO,2.2.012,RKN-7D90,2022/2023,1319221863,9BM384065PB280490,2024,203.0,SIM,SIM,44,SIM,SIM,9900073215/24,Veículo anterior baixado - Proc. N° 080003485/20,TRANSOCEÂNICO
SANTO ANTONIO,2.2.013,SQX-2E46,2023/2024,1360396303,9BM384057RB324369,2024,106.0,SIM,SIM,44,SIM,SIM,9900075372/24,Veículo anterior baixado - Proc. N° 080009034/2023,TRANSOCEÂNICO
SANTO ANTONIO,2.2.014,RJE9H28,2022/2023,1342890822,9BM384067PB295504,2024,175.0,SIM,SIM,37,SIM,SIM,9900075387/24,Veículo anterior baixado - Proc. N° 080007845/2023,TRANSOCEÂNICO
SANTO ANTONIO,2.2.015,RJV-8H38,2022/2023,1339831977,9BM384065PB290616,2024,259.0,SIM,SIM,44,SIM,SIM,9900075429/24,,TRANSOCEÂNICO
SANTO ANTONIO,2.2.016,LUC-2F18,2019/2020,1214719047,9BM384078LB159984,2024,322.0,SIM,SIM,43,SIM,SIM,9900075505/24,Veículo anterior baixado - Proc. N° 080008854/19,TRANSOCEÂNICO
SANTO ANTONIO,2.2.017,LUK-4H11,2019/2020,1214720070,9BM384078LB158721,2024,364.0,SIM,SIM,43,SIM,SIM,9900075521/24,Veículo anterior baixado - Proc. N° 080008853/19,TRANSOCEÂNICO
SANTO ANTONIO,2.2.018,RJL-9E46,2022/2023,1333183590,9BM384065PB291824,2024,414.0,SIM,SIM,44,SIM,SIM,9900075531/24,Veículo anterior baixado - Proc. N° 080003486/20,TRANSOCEÂNICO
SANTO ANTONIO,2.2.019,RKA-9A14,2022/2023,1333181920,9BM384065PB289881,2024,471.0,SIM,SIM,44,SIM,SIM,9900076026/24,Veículo anterior baixado - Proc. N° 080003487/20,TRANSOCEÂNICO
SANTO ANTONIO,2.2.020,RKL-9G70,2022/2023,1342894054,9BM384067PB295506,2024,511.0,SIM,SIM,37,SIM,SIM,9900076063/24,Veículo anterior baixado - Proc. N° 080006294/21,TRANSOCEÂNICO
SANTO ANTONIO,2.2.021,RKA-9F58,2022/2023,1342893678,9BM384067PB295383,2024,186.0,SIM,SIM,37,SIM,SIM,9900073218/24,Veículo anterior baixado - Proc. N° 080003488/20,TRANSOCEÂNICO
SANTO ANTONIO,2.2.022,LSY-9303,2017/2017,1116539150,9BM384067HB054924,2024,277.0,SIM,SIM,39,SIM,SIM,9900073222/24,,TRANSOCEÂNICO
SANTO ANTONIO,2.2.023,RKM9D54,2022/2023,1342892035,9BM384067PB291841,2024,102.0,SIM,SIM,37,SIM,SIM,9900073223/24,Veículo anterior baixado - Proc. N° 080007875/2023,TRANSOCEÂNICO
SANTO ANTONIO,2.2.024,RKU8J58,2022/2023,1342889840,9BM384067PB290856,2024,177.0,SIM,SIM,37,SIM,SIM,9900075390/24,Veículo anterior baixado - Proc. N° 080007846/2023,TRANSOCEÂNICO
SANTO ANTONIO,2.2.025,LUC-2F20,2019/2020,1214719675,9BM384078LB158776,2024,317.0,SIM,SIM,43,SIM,SIM,9900075433/24,Veículo anterior baixado - Proc. N° 080008930/19,TRANSOCEÂNICO
SANTO ANTONIO,2.2.026,LMT-3144,2018/2019,1159390344,9BM384067KB091439,2024,323.0,SIM,SIM,35,SIM,SIM,9900075506/24,,TRANSOCEÂNICO
SANTO ANTONIO,2.2.027,KXE-7527,2015/2016,1092265985,9BM384078GB029052,2024,367.0,SIM,SIM,46,SIM,SIM,9900075522/24,,TRANSOCEÂNICO
SANTO ANTONIO,2.2.028,LUC-2F21,2019/2020,1214720711,9BM384078LB159967,2024,413.0,SIM,SIM,43,SIM,SIM,9900075925/24,Veículo anterior baixado - Proc. N° 080008852/19,TRANSOCEÂNICO
SANTO ANTONIO,2.2.029,LTM-3145,2018/2019,1159389907,9BM384067KB092021,2024,469.0,SIM,SIM,37,SIM,SIM,9900076032/24,,TRANSOCEÂNICO
SANTO ANTONIO,2.2.030,RIV-9C11,2022/2023,11344084750,9BM384067PB284893,2024,513.0,SIM,SIM,37,SIM,SIM,9900076083/24,Veículo anterior baixado - Proc. N° 080009907/22,TRANSOCEÂNICO
SANTO ANTONIO,2.2.031,LUC-2F49,2019/2020,1215399259,9BM384078LB159970,2024,181.0,SIM,SIM,43,SIM,SIM,9900073226/24,Veículo anterior baixado - Proc. N° 080008851/19,TRANSOCEÂNICO
SANTO ANTONIO,2.2.032,RJE-9H26,2022/2023,1342888763,9BM384067PB295477,2024,200.0,SIM,SIM,37,SIM,SIM,9900073229/24,Veículo anterior baixado - Proc. N° 080006293/21,TRANSOCEÂNICO
SANTO ANTONIO,2.2.033,RJG9I76,2022/2023,1342890423,9BM384067PB295386,2024,104.0,SIM,SIM,37,SIM,SIM,9900073234/24,Veículo anterior baixado - Proc. N° 080007864/2023,TRANSOCEÂNICO
SANTO ANTONIO,2.2.034,RJW9G69,2022/2023,1335542865,9BM384078PB298675,2024,176.0,SIM,SIM,44,SIM,SIM,9900075398/24,Veículo anterior baixado - Proc. N° 080007847/2023,TRANSOCEÂNICO
SANTO ANTONIO,2.2.035,RKS-9E61,2022/2023,1335542555,9BM384078PB298677,2024,283.0,SIM,SIM,44,SIM,SIM,9900075435/24,Veículo anterior baixado - Proc. N° 080001528/23,TRANSOCEÂNICO
SANTO ANTONIO,2.2.036,LTM-3147,2018/2019,1159393262,9BM384067KB092025,2024,324.0,SIM,SIM,37,SIM,SIM,9900075507/24,,TRANSOCEÂNICO
SANTO ANTONIO,2.2.037,SEM-2C79,2023/2024,1360274348,9BM384057RB324384,2024,370.0,SIM,SIM,44,SIM,SIM,9900075523/24,Veículo anterior baixado - Proc. N° 080001726/2023,TRANSOCEÂNICO
SANTO ANTONIO,2.2.038,SRJ-2H17,2023/2024,1362296330,9BM384057RB338988,2024,439.0,SIM,SIM,44,SIM,SIM,9900075929/24,Véiculo anterior baixado - Proc. N° 080001149/2023,TRANSOCEÂNICO
SANTO ANTONIO,2.2.039,SQX-6F71,2023/2024,1362324539,9BM384057RB339275,2024,470.0,SIM,SIM,44,SIM,SIM,9900076034/24,Veículo anterior baixado - Proc. N° 080009908/2022,TRANSOCEÂNICO
SANTO ANTONIO,2.2.040,SQX-6F69,2023/2024,1362322544,9BM384057RB338961,2024,519.0,SIM,SIM,44,SIM,SIM,9900076093/24,Veículo anterior baixado - Proc. N° 080010508/2022,TRANSOCEÂNICO
SANTO ANTONIO,2.2.041,SQX-6F60,2023/2024,1362318202,9BM384057RB339138,2024,144.0,SIM,SIM,44,SIM,SIM,9900073238/24,Veículo anterior baixado - Proc. N° 080010506/2022,TRANSOCEÂNICO
SANTO ANTONIO,2.2.042,SRA-0F30,2023/2024,1362322951,9BM384057RB339271,2024,202.0,SIM,SIM,44,SIM,SIM,9900073239/24,Veículo anterior baixado - Proc. N° 080010504/2022,TRANSOCEÂNICO
SANTO ANTONIO,2.2.045,LSP-8871,2015/2016,1092264270,9BM384078GB029131,2024,257.0,SIM,SIM,46,SIM,SIM,9900075441/24,,TRANSOCEÂNICO
SANTO ANTONIO,2.2.046,KXK-8562,2017/2017,1116531000,9BM384067HB055575,2024,316.0,SIM,SIM,39,SIM,SIM,9900075508/24,,TRANSOCEÂNICO
SANTO ANTONIO,2.2.048,KRQ-6254,2015/2016,1092258750,9BM384078GB029104,2024,416.0,SIM,SIM,46,SIM,SIM,9900075932/24,,TRANSOCEÂNICO
SANTO ANTONIO,2.2.050,LUO-2G29,2019/2020,1214717303,9BM384078LB159975,2024,531.0,SIM,SIM,43,SIM,SIM,9900076095/24,Veículo anterior baixado - Proc. N° 080008929/19,TRANSOCEÂNICO
SANTO ANTONIO,2.2.051,KXE-7508,2015/2016,1092373010,9BM384078GB029136,2024,95.0,SIM,SIM,46,SIM,SIM,9900073240/24,,TRANSOCEÂNICO
SANTO ANTONIO,2.2.054,KRQ-4285,2015/2016,1091928140,9BM384078GB029165,2024,178.0,SIM,SIM,42,SIM,SIM,9900075408/24,,TRANSOCEÂNICO
SANTO ANTONIO,2.2.056,LSP-8873,2015/2016,1092265233,9BM384078GB029116,2024,318.0,SIM,SIM,42,SIM,SIM,9900075510/24,,TRANSOCEÂNICO
SANTO ANTONIO,2.2.057,LUC-2F19,2019/2020,1214719411,9BM384078LB160154,2024,329.0,SIM,SIM,43,SIM,SIM,9900075524/24,Veículo anterior baixado - Proc. N° 080008850/19,TRANSOCEÂNICO
SANTO ANTONIO,2.2.059,KXK-8563,2017/2017,1116532830,9BM384067HB055595,2024,264.0,SIM,SIM,39,SIM,SIM,9900076037/24,,TRANSOCEÂNICO
SANTO ANTONIO,2.2.061,LTT-7D35,2018/2019,1178856310,9BM382189KB115279,2024,145.0,SIM,SIM,32,SIM,SIM,9900073241/24,Veículo anterior baixado - Proc. N° 080001808/19,TRANSOCEÂNICO
SANTO ANTONIO,2.2.062,LTT-7D36,2018/2019,1178856612,9BM382189KB116168,2024,201.0,SIM,SIM,32,SIM,SIM,9900073242/24,Veículo anterior baixado - Proc. N° 080001810/19,TRANSOCEÂNICO
SANTO ANTONIO,2.2.066,KXK-8F72,2017/2017,1116537688,9BM384067HB055763,2024,314.0,SIM,SIM,39,SIM,SIM,9900075511/24,,TRANSOCEÂNICO
SANTO ANTONIO,2.2.067,KXK-8564,2017/2017,1116532872,9BM384067HB056344,2024,371.0,SIM,SIM,39,SIM,SIM,9900075525/24,,TRANSOCEÂNICO
SANTO ANTONIO,2.2.068,LSR-7877,2015/2016,1091935197,9BM384078GB029170,2024,393.0,SIM,SIM,42,SIM,SIM,9900075938/24,,TRANSOCEÂNICO
SANTO ANTONIO,2.2.069,LSY-9304,2017/2017,1116540816,9BM384067HB056419,2024,535.0,SIM,SIM,39,SIM,SIM,9900076040/24,,TRANSOCEÂNICO
SANTO ANTONIO,2.2.070,KXK-8573,2017/2017,1116538340,9BM384067HB057282,2024,515.0,SIM,SIM,39,SIM,SIM,9900076098/24,,TRANSOCEÂNICO
SANTO ANTONIO,2.2.075,KZJ-9746,2018/2019,1159391944,9BM384067KB092028,2024,254.0,SIM,SIM,37,SIM,SIM,9900075443/24,,TRANSOCEÂNICO
SANTO ANTONIO,2.2.076,LTM-1512,2018/2019,1159381892,9BM384067KB092034,2024,320.0,SIM,SIM,37,SIM,SIM,9900075512/24,,TRANSOCEÂNICO
SANTO ANTONIO,2.2.080,LSY-9306,2017/2017,1116545443,9BM384067HB057549,2024,514.0,SIM,SIM,39,SIM,SIM,9900076099/24,,TRANSOCEÂNICO
SANTO ANTONIO,2.2.081,LTM-1511,2018/2019,1159381167,9BM384067KB092037,2024,184.0,SIM,SIM,37,SIM,SIM,9900073244/24,,TRANSOCEÂNICO
SANTO ANTONIO,2.2.082,LTM-3146,2018/2019,1159391022,9BM384067KB092042,2024,199.0,SIM,SIM,37,SIM,SIM,9900073247/24,,TRANSOCEÂNICO
SANTO ANTONIO,2.2.083,KXK-8568,2017/2017,1116533291,9BM384067HB57531,2024,105.0,SIM,SIM,39,SIM,SIM,990073248/24,,TRANSOCEÂNICO
SANTO ANTONIO,2.2.084,KZJ-9745,2018/2019,1159389222,9BM384067KB092046,2024,70.0,SIM,SIM,37,SIM,SIM,9900075412/24,,TRANSOCEÂNICO
SANTO ANTONIO,2.2.085,LTM-1510,2018/2019,1159379120,9BM384067KB092050,2024,258.0,SIM,SIM,37,SIM,SIM,9900075466/24,,TRANSOCEÂNICO
SANTO ANTONIO,2.2.086,LTT-7D32,2018/2019,1178854628,9BM382189KB115498,2024,319.0,SIM,SIM,32,SIM,SIM,9900075513/24,Veículo anterior baixado - Proc. N° 080001813/19,TRANSOCEÂNICO
SANTO ANTONIO,2.2.087,LUH-7B85,2018/2019,1178858704,9BM382189KB115677,2024,386.0,SIM,SIM,32,SIM,SIM,9900075526/24,,TRANSOCEÂNICO
SANTO ANTONIO,2.2.090,KZJ-9744,2018/2019,1159382570,9BM384067KB092053,2024,516.0,SIM,SIM,37,SIM,SIM,9900076101/24,,TRANSOCEÂNICO
SANTO ANTONIO,2.2.091,LUH-7B84,2018/2019,1178858232,9BM382189KB115998,2024,178.0,SIM,SIM,32,SIM,SIM,9900073249/24,,TRANSOCEÂNICO
SANTO ANTONIO,2.2.093,KXK-8567,2017/2017,1116533127,9BM384067HB057122,2024,107.0,SIM,SIM,39,SIM,SIM,9900073250/24,,TRANSOCEÂNICO
SANTO ANTONIO,2.2.094,KXK-8559,2017/2017,1116529952,9BM384067HB057133,2024,183.0,SIM,SIM,39,SIM,SIM,9900075417/24,,TRANSOCEÂNICO
SANTO ANTONIO,2.2.095,KXK-8571,2017/2017,1116537246,9BM384067HB057153,2024,255.0,SIM,SIM,39,SIM,SIM,9900075501/24,,TRANSOCEÂNICO
SANTO ANTONIO,2.2.096,KRV-9569,2017/2017,1116542940,9BM384067HB057539,2024,291.0,SIM,SIM,39,SIM,SIM,9900075514/24,,TRANSOCEÂNICO
SANTO ANTONIO,2.2.097,LUG-1C88,2018/2019,1178857473,9BM382189KB113474,2024,372.0,SIM,SIM,32,SIM,SIM,9900075527/24,Veículo anterior baixado - Proc. N° 080005414/17,TRANSOCEÂNICO
SANTO ANTONIO,2.2.098,LTT-7D33,2018/2019,1178855233,9BM382189KB115988,2024,418.0,SIM,SIM,32,SIM,SIM,9900076004/24,Veículo anterior baixado - Proc. N° 080001811/19,TRANSOCEÂNICO
SANTO ANTONIO,2.2.099,LTT-7D34,2018/2019,1178855802,9BM382189KB115687,2024,538.0,SIM,SIM,32,SIM,SIM,9900076044/24,Veículo anterior baixado - Proc. N° 080001812/19,TRANSOCEÂNICO
SANTO ANTONIO,2.2.100,LTT-7D31,2018/2019,1178831598,9BM382189KB116306,2024,512.0,SIM,SIM,32,SIM,SIM,9900076104/24,Veículo anterior baixado - Proc. N° 080000021/19,TRANSOCEÂNICO
SANTO ANTONIO,2.2.101,LUH-7B83,2018/2019,1178857775,9BM382189KB116178,2024,189.0,SIM,SIM,32,SIM,SIM,9900073251/24,Veículo anterior baixado - Proc. N° 080000022/19,TRANSOCEÂNICO
SANTO ANTONIO,2.2.102,LNH-6D63,2018/2019,1180817262,9BM382139KB118762,2024,88.0,SIM,SIM,32,SIM,SIM,9900073252/24,Veículo anterior baixado - Proc. N° 080000020/19,TRANSOCEÂNICO
SANTO ANTONIO,2.2.103,LUH-7B88,2018/2019,1180621970,9BM382189KB118766,2024,101.0,SIM,SIM,32,SIM,SIM,9900073253/24,Veículo anterior baixado - Proc. N° 080000019/19,TRANSOCEÂNICO
SANTO ANTONIO,2.2.104,LUH-7B87,2018/2019,1180621031,9BM382189KB118607,2024,180.0,SIM,SIM,32,SIM,SIM,9900075420/24,Veículo anterior baixado - Proc. N° 080000018/19,TRANSOCEÂNICO
SANTO ANTONIO,2.2.111,KXE-7509,2015/2016,1092448354,9BM384078GB029060,2024,187.0,SIM,SIM,42,SIM,SIM,9900073254/24,,TRANSOCEÂNICO
SANTO ANTONIO,2.2.112,LSO-8707,2015/2016,1091920343,9BM384078GB029124,2024,23.0,SIM,SIM,42,SIM,SIM,9900073256/24,,TRANSOCEÂNICO
SANTO ANTONIO,2.2.113,KXE-7510,2015/2016,1092448680,9BM384078GB029107,2024,103.0,SIM,SIM,42,SIM,SIM,990007327/24,,TRANSOCEÂNICO
SANTO ANTONIO,2.2.118,KXK-8560,2017/2017,1116529979,9BM384067HB057962,2024,420.0,SIM,SIM,39,SIM,SIM,9900076005/24,,TRANSOCEÂNICO
SANTO ANTONIO,2.2.119,KXK-8566,2017/2017,1116533054,9BM384067HB057537,2024,534.0,SIM,SIM,39,SIM,SIM,9900076048/24,,TRANSOCEÂNICO
SANTO ANTONIO,2.2.120,LSY-9305,2017/2017,1116544102,9BM384067HB057294,2024,518.0,SIM,SIM,39,SIM,SIM,9900076106/24,,TRANSOCEÂNICO
SANTO ANTONIO,2.2.121,KXK-8565,2017/2017,1116532953,9BM384067HB057266,2024,21.0,SIM,SIM,39,SIM,SIM,9900073259/24,,TRANSOCEÂNICO
SANTO ANTONIO,2.2.122,KXK-8569,2017/2017,1116534840,9BM384067HB057658,2024,119.0,SIM,SIM,39,SIM,SIM,9900073260/24,,TRANSOCEÂNICO
SANTO ANTONIO,2.2.123,KXK-8570,2017/2017,1116535839,9BM384067HB057677,2024,108.0,SIM,SIM,39,SIM,SIM,9900073261/24,,TRANSOCEÂNICO
SANTO ANTONIO,2.2.124,KXK-8561,2017/2017,1116529987,9BM384067HB57260,2024,28.0,SIM,SIM,39,SIM,SIM,9900075425/24,,TRANSOCEÂNICO
MIRAMAR,2.3.001,LUO-5G79,2022/2023,1348711385,9BM384067PB303696,2024,86.0,SIM,SIM,37,SIM,SIM,9900071256/24,Veículo anterior baixado - Proc. N° 080003874/20,TRANSOCEÂNICO
MIRAMAR,2.3.002,LUO-5G81,2022/2023,1348722611,9BM384067PB310509,2024,213.0,SIM,SIM,37,SIM,SIM,9900071264/24,Veículo anterior baixado - Proc. N° 080003873/20,TRANSOCEÂNICO
MIRAMAR,2.3.003,LUO-5G80,2022/2023,1348721534,9BM384067PB310513,2024,73.0,SIM,SIM,37,SIM,SIM,9900071275/24,Veículo anterior baixado - Proc. N° 080003872/20,TRANSOCEÂNICO
SANTO ANTONIO,2.2.125,LMR-0C76,2018/2019,1180624278,9BM382189KB118769,2024,260.0,SIM,SIM,32,SIM,SIM,9900075500/24,,TRANSOCEÂNICO
SANTO ANTONIO,2.2.126,LUH-7B89,2018/2019,1180622453,9BM382189KB118566,2024,315.0,SIM,SIM,32,SIM,SIM,9900075515/24,,TRANSOCEÂNICO
SANTO ANTONIO,2.2.127,LTN-9E69,2018/2019,1180623824,9BM382189KB118614,2024,365.0,SIM,SIM,32,SIM,SIM,9900075528/24,,TRANSOCEÂNICO
SANTO ANTONIO,2.2.128,LMR-0C75,2018/2019,1180623433,9BM382189KB118723,2024,417.0,SIM,SIM,32,SIM,SIM,9900076019/24,,TRANSOCEÂNICO
SANTO ANTONIO,2.2.129,LUT-5E56,2018/2019,1180623042,9BM382189KB117032,2024,537.0,SIM,SIM,32,SIM,SIM,9900076054/24,,TRANSOCEÂNICO
MIRAMAR,2.3.009,LRE-9766,2013/2014,999204319,9BM384067EB944369,2024,458.0,SIM,SIM,36,SIM,SIM,9900071394/24,,TRANSOCEÂNICO
MIRAMAR,2.3.010,LRE-9772,2013/2014,999811053,9BM384067EB944373,2024,504.0,SIM,SIM,36,SIM,SIM,9900071419/24,,TRANSOCEÂNICO
MIRAMAR,2.3.011,LRE-9771,2013/2014,999810340,9BM384067EB944363,2024,87.0,SIM,SIM,36,SIM,SIM,9900071259/24,,TRANSOCEÂNICO
MIRAMAR,2.3.012,LRE-9770,2013/2014,999809717,9BM384067EB944367,2024,214.0,SIM,SIM,36,SIM,SIM,9900071266/24,,TRANSOCEÂNICO
MIRAMAR,2.3.013,LRE-9769,2013/2014,999807609,9BM384067EB942588,2024,75.0,SIM,SIM,36,SIM,SIM,9900071276/24,,TRANSOCEÂNICO
MIRAMAR,2.3.015,LRE-9768,2013/2014,999805924,9BM384067EB943662,2024,272.0,SIM,SIM,36,SIM,SIM,9900071311/24,,TRANSOCEÂNICO
MIRAMAR,2.3.016,KPX-9482,2014/2015,1046172163,9BM384067FB989349,2024,304.0,SIM,SIM,38,SIM,SIM,9900071322/24,,TRANSOCEÂNICO
MIRAMAR,2.3.017,LRF-9928,2014/2015,1046172856,9BM384067FB989404,2024,356.0,SIM,SIM,38,SIM,SIM,9900071339/24,,TRANSOCEÂNICO
MIRAMAR,2.3.018,LRF-9930,2014/2015,1046173500,9BM384067FB979524,2024,404.0,SIM,SIM,38,SIM,SIM,9900071375/24,,TRANSOCEÂNICO
MIRAMAR,2.3.019,LRF-9931,2014/2014,1046173844,9BM384067EB966408,2024,455.0,SIM,SIM,38,SIM,SIM,9900071398/24,,TRANSOCEÂNICO
MIRAMAR,2.3.020,KPX-9483,2015/2015,1046174719,9BM384067FB002044,2024,502.0,SIM,SIM,36,SIM,SIM,9900071423/24,,TRANSOCEÂNICO
MIRAMAR,2.3.021,LRF-9927,2015/2015,1046172465,9BM384067FB001224,2024,88.0,SIM,SIM,36,SIM,SIM,9900071260/24,,TRANSOCEÂNICO
MIRAMAR,2.3.022,LRE-9933,2015/2015,1046174360,9BM384067FB000599,2024,215.0,SIM,SIM,36,SIM,SIM,9900071267/24,,TRANSOCEÂNICO
MIRAMAR,2.3.023,LRF-9929,2015/2015,1046173208,9BM384067FB989978,2024,77.0,SIM,SIM,36,SIM,SIM,9900071279/24,,TRANSOCEÂNICO
MIRAMAR,2.3.024,LRF-9932,2015/2015,1046174093,9BM384067FB001226,2024,164.0,SIM,SIM,36,SIM,SIM,9900071303/24,,TRANSOCEÂNICO
MIRAMAR,2.3.025,LRF-9926,2015/2015,1046171493,9BM384067FB002034,2024,276.0,SIM,SIM,36,SIM,SIM,9900071313/24,,TRANSOCEÂNICO
MIRAMAR,2.3.026,LSG-2666,2015/2015,1079835277,9BM384067FB013300,2024,302.0,SIM,SIM,36,SIM,SIM,9900071323/24,,TRANSOCEÂNICO
MIRAMAR,2.3.027,LSG-2665,2015/2015,1079834750,9BM384067FB013290,2024,405.0,SIM,SIM,36,SIM,SIM,9900071343/24,,TRANSOCEÂNICO
MIRAMAR,2.3.028,KRI-4328,2015/2015,1079835773,9BM384067FB013283,2024,403.0,SIM,SIM,36,SIM,SIM,9900071382/24,,TRANSOCEÂNICO
MIRAMAR,2.3.029,LSG-2664,2015/2015,1079833878,9BM384067FB013304,2024,457.0,SIM,SIM,36,SIM,SIM,9900071405/24,,TRANSOCEÂNICO
MIRAMAR,2.3.030,LSI-1506,2015/2015,1087997027,9BM384067FB005138,2024,500.0,SIM,SIM,37,SIM,SIM,9900071426/24,,TRANSOCEÂNICO
MIRAMAR,2.3.031,LSI-1505,2015/2015,1087996381,9BM384067FB005136,2024,90.0,SIM,SIM,37,SIM,SIM,9900071261/24,,TRANSOCEÂNICO
MIRAMAR,2.3.032,KRI-4874,2015/2015,1087307772,9BM384067FB005121,2024,217.0,SIM,SIM,37,SIM,SIM,9900071270/24,,TRANSOCEÂNICO
MIRAMAR,2.3.033,LMH-5202,2015/2015,1087995873,9BM384067FB005118,2024,74.0,SIM,SIM,37,SIM,SIM,9900071281/24,,TRANSOCEÂNICO
MIRAMAR,2.3.034,LSR-9567,2016/2016,1100724432,9BM384067GB041390,2024,166.0,SIM,SIM,36,SIM,SIM,9900071305/24,,TRANSOCEÂNICO
MIRAMAR,2.3.035,KRQ-9244,2016/2016,1100723509,9BM384067GB040542,2024,275.0,SIM,SIM,36,SIM,SIM,9900071314/24,,TRANSOCEÂNICO
MIRAMAR,2.3.036,KRR-6787,2016/2016,1100725145,9BM384067GB040831,2024,303.0,SIM,SIM,36,SIM,SIM,9900071326/24,,TRANSOCEÂNICO
MIRAMAR,2.3.037,LSU-7106,2017/2017,1114540177,9BM384067HB054748,2024,355.0,SIM,SIM,36,SIM,SIM,9900071350/24,,TRANSOCEÂNICO
MIRAMAR,2.3.038,KRV-9819,2016/2017,1118590284,9532E82W9HR707398,2024,406.0,SIM,SIM,36,SIM,SIM,9900071386/24,,TRANSOCEÂNICO
MIRAMAR,2.3.039,KRV-9820,2016/2014,1118593259,9532E82W9HR707403,2024,456.0,SIM,SIM,36,SIM,SIM,9900071407/24,,TRANSOCEÂNICO
MIRAMAR,2.3.040,KRV-9821,2016/2017,1118760961,9532E82WXHR707393,2024,501.0,SIM,SIM,36,SIM,SIM,9900071429/24,,TRANSOCEÂNICO
MIRAMAR,2.3.041,KVY-3531,2018/2019,1163135370,9BM384067KB100140,2024,91.0,SIM,SIM,36,SIM,SIM,9900071262/24,,TRANSOCEÂNICO
MIRAMAR,2.3.042,KVY-3664,2018/2019,1163135981,9BM384067KB100240,2024,216.0,SIM,SIM,36,SIM,SIM,9900071271/24,,TRANSOCEÂNICO
MIRAMAR,2.3.043,KVY-3388,2018/2019,1163134667,9BM384067KB100280,2024,76.0,SIM,SIM,36,SIM,SIM,9900071285/24,,TRANSOCEÂNICO
MIRAMAR,2.3.044,KVZ-1174,2018/2019,1163325551,9BM384067KB100300,2024,165.0,SIM,SIM,36,SIM,SIM,9900071307/24,,TRANSOCEÂNICO
MIRAMAR,2.3.045,LTN-8H67,2018/2019,1181194285,9BM384067KB121927,2024,273.0,SIM,SIM,36,SIM,SIM,9900071315/24,,TRANSOCEÂNICO
MIRAMAR,2.3.046,LTN-8H71,2018/2019,1181200552,9BM384067KB121945,2024,306.0,SIM,SIM,36,SIM,SIM,9900071328/24,,TRANSOCEÂNICO
MIRAMAR,2.3.047,LTN-8H68,2018/2019,1181198060,9BM384067KB121947,2024,357.0,SIM,SIM,36,SIM,SIM,9900071369/24,,TRANSOCEÂNICO
MIRAMAR,2.3.048,LTN-8H69,2018/2019,1181198574,9BM384067KB121940,2024,419.0,SIM,SIM,37,SIM,SIM,9900071392/24,,TRANSOCEÂNICO
MIRAMAR,2.3.049,LTN-8H70,2018/2019,1181199104,9BM384067KB121949,2024,454.0,SIM,SIM,37,SIM,SIM,9900071413/24,,TRANSOCEÂNICO
MIRAMAR,2.3.050,LTN-8H72,2018/2019,1181200935,9BM384067KB121951,2024,503.0,SIM,SIM,37,SIM,SIM,9900071433/24,,TRANSOCEÂNICO
MIRAMAR,2.3.051,LMS-0A51,2018/2019,1181199520,9BM384067KB121965,2024,89.0,SIM,SIM,37,SIM,SIM,9900071263/24,,TRANSOCEÂNICO
MIRAMAR,2.3.052,RKB-0J11,2020/2021,1232061481,9BM384067MB172774,2024,218.0,SIM,SIM,38,SIM,SIM,9900071272/24,,TRANSOCEÂNICO
MIRAMAR,2.3.053,RKB-0J12,2020/2021,1232062240,9BM384067MB173102,2024,72.0,SIM,SIM,38,SIM,SIM,9900071300/24,,TRANSOCEÂNICO
MIRAMAR,2.3.054,RKB-0J13,2020/2021,1232062941,9BM384067MB172786,2024,163.0,SIM,SIM,38,SIM,SIM,9900071309/24,,TRANSOCEÂNICO
MIRAMAR,2.3.055,RKB-0J15,2020/2021,1232065002,9BM384067MB173116,2024,274.0,SIM,SIM,38,SIM,SIM,9900071317/24,,TRANSOCEÂNICO
MIRAMAR,2.3.056,RKB-0J14,2020/2021,1232063689,9BM384067MB172780,2024,305.0,SIM,SIM,38,SIM,SIM,9900071332/24,,TRANSOCEÂNICO
FORTALEZA,2.4.101,LTV-9I62,2019/2020,1216425911,9BM384067LB158318,2024,188.0,SIM,SIM,37,SIM,SIM,9900073170/24,Veículo anterior baixado - Proc. N° 080000100/20,TRANSOCEÂNICO
FORTALEZA,2.4.102,SRG-2D92,2023/2024,1360276944,9BM384050RB335497,2024,195.0,SIM,SIM,37,SIM,SIM,9900073171/24,Veículo anterior baixado - Proc. N° 080000092/21,TRANSOCEÂNICO
FORTALEZA,2.4.103,LTV-9I67,2019/2020,1216436670,9BM384067LB158717,2024,100.0,SIM,SIM,37,SIM,SIM,9900073173/24,Veículo anterior baixado - Proc. N° 080000101/20,TRANSOCEÂNICO
FORTALEZA,2.4.104,LTV-9I61,2019/2020,1216419407,9BM384067LB158533,2024,182.0,SIM,SIM,37,SIM,SIM,9900083354/24,,TRANSOCEÂNICO
FORTALEZA,2.4.105,LTV-9I66,2019/2020,1216434520,9BM384067LB158346,2024,,SIM,SIM,37,SIM,SIM,9900083331/24,Veículo anterior baixado - Proc. N° 080000995/20,TRANSOCEÂNICO
FORTALEZA,2.4.106,LTV-9I65,2019/2020,1216432721,9BM384067LB158741,2024,338.0,SIM,SIM,37,SIM,SIM,9900083318/24,Veículo anterior baixado - Proc. N° 080000102/20,TRANSOCEÂNICO
FORTALEZA,2.4.107,LTV-9I64,2019/2020,1216430427,9BM384067LB158731,2024,387.0,SIM,SIM,37,SIM,SIM,9900083314/24,,TRANSOCEÂNICO
FORTALEZA,2.4.108,LTV-9I63,2019/2020,1216427965,9BM384067LB158724,2024,434.0,SIM,SIM,37,SIM,SIM,9900083305/24,,TRANSOCEÂNICO
FORTALEZA,2.4.109,SRO-2B98,2023/2024,1360399418,9BM384050RB335198,2024,484.0,SIM,SIM,37,SIM,SIM,9900083287/24,,TRANSOCEÂNICO
FORTALEZA,2.4.110,SRO-2B68,2023/2024,1360276260,9BM384050RB335238,2024,517.0,SIM,SIM,37,SIM,SIM,9900083278/24,Veículo anterior baixado - Proc. N° 080000103/20,TRANSOCEÂNICO
FORTALEZA,2.4.111,SQW9H56,2023/2024,1360275344,9BM384050RB335496,2024,185.0,SIM,SIM,37,SIM,SIM,9900073175/24,Veículo anterior baixado - Proc. N° 080006144/2018,TRANSOCEÂNICO
FORTALEZA,2.4.112,SRG-2E34,2023/2024,1360511099,9BM384050RB335170,2024,204.0,SIM,SIM,37,SIM,SIM,9900073177/24,,TRANSOCEÂNICO
FORTALEZA,2.4.124,KRV-9595,2017/2017,1118160239,9BM384067HB057546,2024,287.0,SIM,SIM,39,SIM,SIM,9900083351/24,,TRANSOCEÂNICO
FORTALEZA,2.4.125,LSY-9315,2017/2017,1118160778,9BM384067HB057669,2024,284.0,SIM,SIM,39,SIM,SIM,9900083327/24,,TRANSOCEÂNICO
FORTALEZA,2.4.128,LTL-9315,2018/2019,1158263527,9BM384067KB092161,2024,435.0,SIM,SIM,37,SIM,SIM,9900083301/24,,TRANSOCEÂNICO
FORTALEZA,2.4.129,LTM-1508,2018/2019,1158535500,9BM384067KB092185,2024,485.0,SIM,SIM,37,SIM,SIM,9900083280/24,,TRANSOCEÂNICO
FORTALEZA,2.4.130,KRV-9593,2017/2017,1118159605,9BM384067HB057958,2024,533.0,SIM,SIM,39,SIM,SIM,9900083271/24,,TRANSOCEÂNICO
FORTALEZA,2.4.131,KRV-9596,2017/2017,1118160417,9BM384067HB057966,2024,233.0,SIM,SIM,39,SIM,SIM,9900073179/24,,TRANSOCEÂNICO
FORTALEZA,2.4.137,LTM-1509,2018/2019,1158535560,9BM384067KB092315,2024,445.0,SIM,SIM,37,SIM,SIM,9900083313/24,,TRANSOCEÂNICO
FORTALEZA,2.4.138,LTM-1507,2018/2019,1158535438,9BM384067KB092320,2024,433.0,SIM,SIM,37,SIM,SIM,990003292/24,Veículo ativo (em manutenção),TRANSOCEÂNICO
FORTALEZA,2.4.140,KRV-9594,2017/2017,1118159990,9BM384067HB057692,2024,532.0,SIM,SIM,39,SIM,SIM,9900083246/24,,TRANSOCEÂNICO
FORTALEZA,2.4.142,KZI-7734,2018/2019,1158535373,9BM384067KB092324,2024,197.0,SIM,SIM,37,SIM,SIM,9900073181/42,,TRANSOCEÂNICO
